,iteration_seed,time_opt,eccentricity_opt,total_towers_opt,time_e_sc_mept,eccentricity_e_sc_mept,total_towers_e_sc_mept,time_e_t_mept,eccentricity_e_t_mept,total_towers_e_t_mept
0,1.0,0.0012,3.0,2.0,0.0002,3.0,2.0,0.0001,3.0,2.0
1,2.0,0.0008,3.0,2.0,0.0003,3.0,2.0,0.0001,3.0,2.0
2,3.0,0.0006,3.0,2.0,0.0002,3.0,2.0,0.0001,3.0,2.0
3,4.0,0.0006,2.0,2.0,0.0001,2.0,2.0,0.0002,2.0,2.0
4,5.0,0.0006,2.0,2.0,0.0001,2.0,2.0,0.0001,2.0,2.0
5,6.0,0.0006,2.0,2.0,0.0001,2.0,2.0,0.0001,2.0,2.0
6,7.0,0.0006,2.0,2.0,0.0002,2.0,2.0,0.0001,2.0,2.0
7,8.0,0.0006,3.0,2.0,0.0002,3.0,2.0,0.0002,3.0,2.0
8,9.0,0.0006,2.0,2.0,0.0001,2.0,2.0,0.0001,2.0,2.0
9,10.0,0.0006,2.0,2.0,0.0001,2.0,2.0,0.0001,2.0,2.0
10,11.0,0.0007,3.0,2.0,0.0002,3.0,2.0,0.0002,3.0,2.0
11,12.0,0.0006,2.0,2.0,0.0001,2.0,2.0,0.0001,2.0,2.0
12,13.0,0.0005,2.0,2.0,0.0001,2.0,2.0,0.0001,2.0,2.0
13,14.0,0.0006,2.0,2.0,0.0001,2.0,2.0,0.0001,2.0,2.0
14,15.0,0.0006,2.0,2.0,0.0002,2.0,2.0,0.0001,2.0,2.0
15,16.0,0.0006,2.0,2.0,0.0002,2.0,2.0,0.0001,2.0,2.0
16,17.0,0.0006,2.0,2.0,0.0001,2.0,2.0,0.0002,2.0,2.0
17,18.0,0.0006,2.0,2.0,0.0002,2.0,2.0,0.0001,2.0,2.0
18,19.0,0.0006,2.0,2.0,0.0001,2.0,2.0,0.0001,2.0,2.0
19,20.0,0.0006,2.0,2.0,0.0001,2.0,2.0,0.0001,2.0,2.0
20,21.0,0.0007,2.0,2.0,0.0002,2.0,2.0,0.0001,2.0,2.0
21,22.0,0.0008,3.0,2.0,0.0002,3.0,3.0,0.0002,3.0,2.0
22,23.0,0.0006,3.0,3.0,0.0002,3.0,3.0,0.0002,3.0,3.0
23,24.0,0.0007,3.0,2.0,0.0002,3.0,2.0,0.0002,3.0,2.0
24,25.0,0.0006,2.0,2.0,0.0001,2.0,2.0,0.0001,2.0,2.0
25,26.0,0.0006,2.0,2.0,0.0002,2.0,2.0,0.0001,2.0,2.0
26,27.0,0.0007,3.0,2.0,0.0002,3.0,2.0,0.0001,3.0,2.0
27,28.0,0.0006,2.0,2.0,0.0002,2.0,2.0,0.0001,2.0,2.0
28,29.0,0.0006,2.0,2.0,0.0001,2.0,2.0,0.0001,2.0,2.0
29,30.0,0.0007,2.0,2.0,0.0001,2.0,2.0,0.0001,2.0,2.0
30,31.0,0.0006,2.0,2.0,0.0001,2.0,2.0,0.0001,2.0,2.0
31,32.0,0.0005,2.0,2.0,0.0001,2.0,2.0,0.0001,2.0,2.0
32,33.0,0.0006,2.0,2.0,0.0001,2.0,2.0,0.0001,2.0,2.0
33,1.0,0.0008,3.0,2.0,0.0002,3.0,2.0,0.0001,3.0,2.0
34,2.0,0.0008,3.0,2.0,0.0002,3.0,2.0,0.0001,3.0,2.0
35,3.0,0.0007,3.0,2.0,0.0002,3.0,2.0,0.0001,3.0,2.0
36,4.0,0.0007,2.0,2.0,0.0002,2.0,2.0,0.0001,2.0,2.0
37,5.0,0.0006,2.0,2.0,0.0001,2.0,2.0,0.0001,2.0,2.0
38,6.0,0.0006,2.0,2.0,0.0002,2.0,2.0,0.0001,2.0,2.0
39,7.0,0.0006,2.0,2.0,0.0002,2.0,2.0,0.0001,2.0,2.0
40,8.0,0.0007,3.0,2.0,0.0002,3.0,2.0,0.0001,3.0,2.0
41,9.0,0.0006,2.0,2.0,0.0001,2.0,2.0,0.0001,2.0,2.0
42,10.0,0.0006,2.0,2.0,0.0001,2.0,2.0,0.0001,2.0,2.0
43,11.0,0.0007,3.0,2.0,0.0003,3.0,2.0,0.0002,3.0,2.0
44,12.0,0.0005,2.0,2.0,0.0001,2.0,2.0,0.0001,2.0,2.0
45,13.0,0.0005,2.0,2.0,0.0001,2.0,2.0,0.0001,2.0,2.0
46,14.0,0.0006,2.0,2.0,0.0001,2.0,2.0,0.0001,2.0,2.0
47,15.0,0.0006,2.0,2.0,0.0001,2.0,2.0,0.0001,2.0,2.0
48,16.0,0.0006,2.0,2.0,0.0002,2.0,2.0,0.0001,2.0,2.0
49,17.0,0.0006,2.0,2.0,0.0001,2.0,2.0,0.0001,2.0,2.0
50,18.0,0.0006,2.0,2.0,0.0001,2.0,2.0,0.0001,2.0,2.0
51,19.0,0.0007,2.0,2.0,0.0001,2.0,2.0,0.0001,2.0,2.0
52,20.0,0.0006,2.0,2.0,0.0002,2.0,2.0,0.0001,2.0,2.0
53,21.0,0.0006,2.0,2.0,0.0001,2.0,2.0,0.0001,2.0,2.0
54,22.0,0.0008,3.0,2.0,0.0002,3.0,3.0,0.0002,3.0,2.0
55,23.0,0.0006,3.0,3.0,0.0002,3.0,3.0,0.0001,3.0,3.0
56,24.0,0.0007,3.0,2.0,0.0002,3.0,2.0,0.0003,3.0,2.0
57,25.0,0.0007,2.0,2.0,0.0001,2.0,2.0,0.0001,2.0,2.0
58,26.0,0.0006,2.0,2.0,0.0001,2.0,2.0,0.0001,2.0,2.0
59,27.0,0.0007,3.0,2.0,0.0002,3.0,2.0,0.0001,3.0,2.0
60,28.0,0.0006,2.0,2.0,0.0001,2.0,2.0,0.0001,2.0,2.0
61,29.0,0.0006,2.0,2.0,0.0001,2.0,2.0,0.0001,2.0,2.0
62,30.0,0.0007,2.0,2.0,0.0001,2.0,2.0,0.0001,2.0,2.0
63,31.0,0.0005,2.0,2.0,0.0001,2.0,2.0,0.0001,2.0,2.0
64,32.0,0.0005,2.0,2.0,0.0001,2.0,2.0,0.0001,2.0,2.0
65,33.0,0.0005,2.0,2.0,0.0001,2.0,2.0,0.0001,2.0,2.0
66,1.0,0.0008,3.0,2.0,0.0002,3.0,2.0,0.0001,3.0,2.0
67,2.0,0.0008,3.0,2.0,0.0003,3.0,2.0,0.0001,3.0,2.0
68,3.0,0.0007,3.0,2.0,0.0002,3.0,2.0,0.0001,3.0,2.0
69,4.0,0.0006,2.0,2.0,0.0001,2.0,2.0,0.0001,2.0,2.0
70,5.0,0.0006,2.0,2.0,0.0001,2.0,2.0,0.0001,2.0,2.0
71,6.0,0.0006,2.0,2.0,0.0001,2.0,2.0,0.0001,2.0,2.0
72,7.0,0.0006,2.0,2.0,0.0001,2.0,2.0,0.0001,2.0,2.0
73,8.0,0.0007,3.0,2.0,0.0002,3.0,2.0,0.0001,3.0,2.0
74,9.0,0.0006,2.0,2.0,0.0001,2.0,2.0,0.0001,2.0,2.0
75,10.0,0.0007,2.0,2.0,0.0001,2.0,2.0,0.0001,2.0,2.0
76,11.0,0.0007,3.0,2.0,0.0002,3.0,2.0,0.0002,3.0,2.0
77,12.0,0.0006,2.0,2.0,0.0001,2.0,2.0,0.0001,2.0,2.0
78,13.0,0.0005,2.0,2.0,0.0001,2.0,2.0,0.0001,2.0,2.0
79,14.0,0.0006,2.0,2.0,0.0001,2.0,2.0,0.0002,2.0,2.0
80,15.0,0.0006,2.0,2.0,0.0001,2.0,2.0,0.0001,2.0,2.0
81,16.0,0.0006,2.0,2.0,0.0001,2.0,2.0,0.0001,2.0,2.0
82,17.0,0.0007,2.0,2.0,0.0001,2.0,2.0,0.0001,2.0,2.0
83,18.0,0.0006,2.0,2.0,0.0002,2.0,2.0,0.0001,2.0,2.0
84,19.0,0.0006,2.0,2.0,0.0001,2.0,2.0,0.0001,2.0,2.0
85,20.0,0.0007,2.0,2.0,0.0001,2.0,2.0,0.0001,2.0,2.0
86,21.0,0.0006,2.0,2.0,0.0002,2.0,2.0,0.0001,2.0,2.0
87,22.0,0.0009,3.0,2.0,0.0002,3.0,3.0,0.0002,3.0,2.0
88,23.0,0.0007,3.0,3.0,0.0002,3.0,3.0,0.0001,3.0,3.0
89,24.0,0.0007,3.0,2.0,0.0002,3.0,2.0,0.0001,3.0,2.0
90,25.0,0.0006,2.0,2.0,0.0002,2.0,2.0,0.0001,2.0,2.0
91,26.0,0.0007,2.0,2.0,0.0002,2.0,2.0,0.0001,2.0,2.0
92,27.0,0.0008,3.0,2.0,0.0002,3.0,2.0,0.0001,3.0,2.0
93,28.0,0.0006,2.0,2.0,0.0001,2.0,2.0,0.0001,2.0,2.0
94,29.0,0.0006,2.0,2.0,0.0001,2.0,2.0,0.0001,2.0,2.0
95,30.0,0.0007,2.0,2.0,0.0002,2.0,2.0,0.0001,2.0,2.0
96,31.0,0.0006,2.0,2.0,0.0001,2.0,2.0,0.0001,2.0,2.0
97,32.0,0.0005,2.0,2.0,0.0001,2.0,2.0,0.0001,2.0,2.0
98,33.0,0.0005,2.0,2.0,0.0001,2.0,2.0,0.0001,2.0,2.0
99,1.0,0.0045,3.0,4.0,0.002,3.0,4.0,0.0018,3.0,5.0
100,2.0,0.004,3.0,4.0,0.0018,3.0,4.0,0.0015,3.0,5.0
101,3.0,0.0037,3.0,5.0,0.0021,3.0,5.0,0.0018,3.0,5.0
102,4.0,0.0038,3.0,5.0,0.0019,3.0,5.0,0.0015,3.0,5.0
103,5.0,0.0039,3.0,4.0,0.002,3.0,4.0,0.0018,3.0,5.0
104,6.0,0.0044,3.0,5.0,0.0021,3.0,5.0,0.0019,3.0,5.0
105,7.0,0.0038,3.0,4.0,0.0019,3.0,4.0,0.0016,3.0,5.0
106,8.0,0.004,3.0,5.0,0.0023,3.0,5.0,0.0021,3.0,5.0
107,9.0,0.0044,3.0,3.0,0.0022,3.0,3.0,0.0019,3.0,5.0
108,10.0,0.004,3.0,5.0,0.002,3.0,5.0,0.0018,3.0,5.0
109,11.0,0.0042,3.0,4.0,0.0021,3.0,4.0,0.0019,3.0,5.0
110,12.0,0.0045,3.0,5.0,0.0021,3.0,5.0,0.0018,3.0,5.0
111,13.0,0.0037,3.0,5.0,0.0019,3.0,5.0,0.0017,3.0,5.0
112,14.0,0.0043,3.0,5.0,0.0023,3.0,5.0,0.002,3.0,5.0
113,15.0,0.0038,3.0,5.0,0.0019,3.0,5.0,0.0016,3.0,5.0
114,16.0,0.0037,3.0,3.0,0.0019,3.0,3.0,0.0016,3.0,5.0
115,17.0,0.0037,3.0,3.0,0.0019,3.0,3.0,0.0016,3.0,5.0
116,18.0,0.0035,3.0,4.0,0.0018,3.0,4.0,0.0016,3.0,5.0
117,19.0,0.0045,3.0,5.0,0.0022,3.0,5.0,0.0019,3.0,5.0
118,20.0,0.0035,3.0,4.0,0.0018,3.0,4.0,0.0015,3.0,5.0
119,21.0,0.0037,3.0,5.0,0.0018,3.0,5.0,0.0016,3.0,5.0
120,22.0,0.0041,3.0,5.0,0.0021,3.0,5.0,0.0019,3.0,5.0
121,23.0,0.0038,3.0,5.0,0.0019,3.0,5.0,0.0017,3.0,5.0
122,24.0,0.0038,3.0,4.0,0.0019,3.0,4.0,0.0017,3.0,5.0
123,25.0,0.0037,3.0,4.0,0.0017,3.0,4.0,0.0016,3.0,5.0
124,26.0,0.0036,3.0,5.0,0.0018,3.0,5.0,0.0019,3.0,5.0
125,27.0,0.0037,3.0,3.0,0.0019,3.0,3.0,0.0017,3.0,5.0
126,28.0,0.0035,3.0,4.0,0.0019,3.0,4.0,0.0018,3.0,5.0
127,29.0,0.0044,3.0,4.0,0.0022,3.0,5.0,0.0019,3.0,5.0
128,30.0,0.0033,3.0,5.0,0.002,3.0,5.0,0.0016,3.0,5.0
129,31.0,0.0036,3.0,5.0,0.0017,3.0,5.0,0.0018,3.0,5.0
130,32.0,0.0033,3.0,4.0,0.0016,3.0,4.0,0.0015,3.0,5.0
131,33.0,0.0039,3.0,4.0,0.0019,3.0,4.0,0.0017,3.0,5.0
132,1.0,0.0047,3.0,4.0,0.0023,3.0,4.0,0.0018,3.0,5.0
133,2.0,0.0035,3.0,4.0,0.0016,3.0,4.0,0.0014,3.0,5.0
134,3.0,0.0035,3.0,5.0,0.002,3.0,5.0,0.0016,3.0,5.0
135,4.0,0.0032,3.0,5.0,0.0017,3.0,5.0,0.0016,3.0,5.0
136,5.0,0.0035,3.0,4.0,0.0017,3.0,4.0,0.0015,3.0,5.0
137,6.0,0.0038,3.0,5.0,0.002,3.0,5.0,0.0017,3.0,5.0
138,7.0,0.0035,3.0,4.0,0.0016,3.0,4.0,0.0017,3.0,5.0
139,8.0,0.0036,3.0,5.0,0.002,3.0,5.0,0.0018,3.0,5.0
140,9.0,0.0041,3.0,3.0,0.002,3.0,3.0,0.0017,3.0,5.0
141,10.0,0.0036,3.0,5.0,0.0019,3.0,5.0,0.0017,3.0,5.0
142,11.0,0.0038,3.0,4.0,0.0019,3.0,4.0,0.0016,3.0,5.0
143,12.0,0.0039,3.0,5.0,0.0021,3.0,5.0,0.0017,3.0,5.0
144,13.0,0.0038,3.0,5.0,0.0022,3.0,5.0,0.0018,3.0,5.0
145,14.0,0.0048,3.0,5.0,0.0025,3.0,5.0,0.0021,3.0,5.0
146,15.0,0.004,3.0,5.0,0.0021,3.0,5.0,0.0019,3.0,5.0
147,16.0,0.0039,3.0,3.0,0.002,3.0,3.0,0.0016,3.0,5.0
148,17.0,0.0039,3.0,3.0,0.002,3.0,3.0,0.0017,3.0,5.0
149,18.0,0.0038,3.0,4.0,0.0019,3.0,4.0,0.0017,3.0,5.0
150,19.0,0.0045,3.0,5.0,0.0023,3.0,5.0,0.0022,3.0,5.0
151,20.0,0.0037,3.0,4.0,0.0019,3.0,4.0,0.0016,3.0,5.0
152,21.0,0.0037,3.0,5.0,0.0019,3.0,5.0,0.0017,3.0,5.0
153,22.0,0.0039,3.0,5.0,0.0018,3.0,5.0,0.0018,3.0,5.0
154,23.0,0.0034,3.0,5.0,0.0018,3.0,5.0,0.0017,3.0,5.0
155,24.0,0.0037,3.0,4.0,0.0017,3.0,4.0,0.0015,3.0,5.0
156,25.0,0.0032,3.0,4.0,0.0018,3.0,4.0,0.0015,3.0,5.0
157,26.0,0.0033,3.0,5.0,0.0017,3.0,5.0,0.0015,3.0,5.0
158,27.0,0.0033,3.0,3.0,0.002,3.0,3.0,0.0016,3.0,5.0
159,28.0,0.0032,3.0,4.0,0.0017,3.0,4.0,0.0015,3.0,5.0
160,29.0,0.0038,3.0,4.0,0.0019,3.0,5.0,0.0017,3.0,5.0
161,30.0,0.0034,3.0,5.0,0.0017,3.0,5.0,0.0017,3.0,5.0
162,31.0,0.0039,3.0,5.0,0.0018,3.0,5.0,0.0016,3.0,5.0
163,32.0,0.0029,3.0,4.0,0.0014,3.0,4.0,0.0013,3.0,5.0
164,33.0,0.0036,3.0,4.0,0.0017,3.0,4.0,0.0015,3.0,5.0
165,1.0,0.004,3.0,4.0,0.0021,3.0,4.0,0.0018,3.0,5.0
166,2.0,0.0035,3.0,4.0,0.0016,3.0,4.0,0.0014,3.0,5.0
167,3.0,0.0038,3.0,5.0,0.002,3.0,5.0,0.0018,3.0,5.0
168,4.0,0.0035,3.0,5.0,0.0019,3.0,5.0,0.0016,3.0,5.0
169,5.0,0.0038,3.0,4.0,0.002,3.0,4.0,0.0016,3.0,5.0
170,6.0,0.0045,3.0,5.0,0.002,3.0,5.0,0.0021,3.0,5.0
171,7.0,0.004,3.0,4.0,0.002,3.0,4.0,0.0016,3.0,5.0
172,8.0,0.0046,3.0,5.0,0.0022,3.0,5.0,0.0022,3.0,5.0
173,9.0,0.0047,3.0,3.0,0.0023,3.0,3.0,0.0019,3.0,5.0
174,10.0,0.0043,3.0,5.0,0.0017,3.0,5.0,0.0018,3.0,5.0
175,11.0,0.0043,3.0,4.0,0.0022,3.0,4.0,0.002,3.0,5.0
176,12.0,0.0044,3.0,5.0,0.0023,3.0,5.0,0.0021,3.0,5.0
177,13.0,0.0041,3.0,5.0,0.0021,3.0,5.0,0.002,3.0,5.0
178,14.0,0.0047,3.0,5.0,0.0023,3.0,5.0,0.002,3.0,5.0
179,15.0,0.0038,3.0,5.0,0.0019,3.0,5.0,0.0015,3.0,5.0
180,16.0,0.0035,3.0,3.0,0.0018,3.0,3.0,0.0015,3.0,5.0
181,17.0,0.0036,3.0,3.0,0.0017,3.0,3.0,0.0016,3.0,5.0
182,18.0,0.0033,3.0,4.0,0.0017,3.0,4.0,0.0015,3.0,5.0
183,19.0,0.0042,3.0,5.0,0.0021,3.0,5.0,0.0022,3.0,5.0
184,20.0,0.0037,3.0,4.0,0.0019,3.0,4.0,0.0017,3.0,5.0
185,21.0,0.0035,3.0,5.0,0.0017,3.0,5.0,0.0015,3.0,5.0
186,22.0,0.0037,3.0,5.0,0.0019,3.0,5.0,0.0018,3.0,5.0
187,23.0,0.0034,3.0,5.0,0.0016,3.0,5.0,0.0015,3.0,5.0
188,24.0,0.0033,3.0,4.0,0.0017,3.0,4.0,0.0016,3.0,5.0
189,25.0,0.0036,3.0,4.0,0.0017,3.0,4.0,0.0016,3.0,5.0
190,26.0,0.0038,3.0,5.0,0.0021,3.0,5.0,0.0016,3.0,5.0
191,27.0,0.0038,3.0,3.0,0.0019,3.0,3.0,0.0018,3.0,5.0
192,28.0,0.0037,3.0,4.0,0.0019,3.0,4.0,0.0017,3.0,5.0
193,29.0,0.0044,3.0,4.0,0.0024,3.0,5.0,0.002,3.0,5.0
194,30.0,0.0036,3.0,5.0,0.0019,3.0,5.0,0.0017,3.0,5.0
195,31.0,0.0037,3.0,5.0,0.0018,3.0,5.0,0.0019,3.0,5.0
196,32.0,0.0035,3.0,4.0,0.0017,3.0,4.0,0.0016,3.0,5.0
197,33.0,0.0043,3.0,4.0,0.0021,3.0,4.0,0.0017,3.0,5.0
198,1.0,0.0105,3.0,5.0,0.0056,3.0,5.0,0.0052,3.0,5.0
199,2.0,0.0082,3.0,4.0,0.0042,3.0,5.0,0.0038,3.0,5.0
200,3.0,0.008,3.0,5.0,0.0046,3.0,5.0,0.0041,3.0,5.0
201,4.0,0.0077,3.0,5.0,0.0046,3.0,5.0,0.0042,3.0,5.0
202,5.0,0.0082,3.0,5.0,0.0049,3.0,5.0,0.0042,3.0,5.0
203,6.0,0.0081,3.0,5.0,0.0047,3.0,5.0,0.0043,3.0,5.0
204,7.0,0.009,3.0,5.0,0.0056,3.0,5.0,0.0047,3.0,5.0
205,8.0,0.0091,3.0,5.0,0.0054,3.0,5.0,0.0053,3.0,5.0
206,9.0,0.0099,3.0,5.0,0.006,3.0,5.0,0.0053,3.0,5.0
207,10.0,0.0091,3.0,5.0,0.0053,3.0,5.0,0.0047,3.0,5.0
208,11.0,0.0083,3.0,4.0,0.0051,3.0,5.0,0.0042,3.0,5.0
209,12.0,0.0084,3.0,5.0,0.0046,3.0,5.0,0.0041,3.0,5.0
210,13.0,0.0075,3.0,5.0,0.0041,3.0,5.0,0.0038,3.0,5.0
211,14.0,0.0087,3.0,5.0,0.0049,3.0,5.0,0.0049,3.0,5.0
212,15.0,0.0079,3.0,5.0,0.0046,3.0,5.0,0.0041,3.0,5.0
213,16.0,0.008,3.0,3.0,0.0048,3.0,3.0,0.0044,3.0,5.0
214,17.0,0.0103,3.0,5.0,0.0054,3.0,5.0,0.0049,3.0,5.0
215,18.0,0.0091,3.0,5.0,0.0053,3.0,5.0,0.0051,3.0,5.0
216,19.0,0.0095,3.0,5.0,0.0056,3.0,5.0,0.0046,3.0,5.0
217,20.0,0.0091,3.0,4.0,0.0053,3.0,4.0,0.0045,3.0,5.0
218,21.0,0.0092,3.0,5.0,0.0051,3.0,5.0,0.0047,3.0,5.0
219,22.0,0.0079,3.0,5.0,0.0045,3.0,5.0,0.0041,3.0,5.0
220,23.0,0.0071,3.0,5.0,0.004,3.0,5.0,0.0038,3.0,5.0
221,24.0,0.0076,3.0,5.0,0.0048,3.0,5.0,0.0042,3.0,5.0
222,25.0,0.0071,3.0,5.0,0.0043,3.0,5.0,0.004,3.0,5.0
223,26.0,0.0075,3.0,5.0,0.0043,3.0,5.0,0.004,3.0,5.0
224,27.0,0.0077,3.0,4.0,0.0052,3.0,4.0,0.0048,3.0,5.0
225,28.0,0.0076,3.0,5.0,0.0049,3.0,5.0,0.0045,3.0,5.0
226,29.0,0.0094,3.0,5.0,0.0054,3.0,5.0,0.0048,3.0,5.0
227,30.0,0.008,3.0,5.0,0.0048,3.0,5.0,0.0043,3.0,5.0
228,31.0,0.0083,3.0,5.0,0.0047,3.0,5.0,0.0044,3.0,5.0
229,32.0,0.0076,3.0,4.0,0.0044,3.0,4.0,0.0036,3.0,5.0
230,33.0,0.0082,3.0,5.0,0.0045,3.0,5.0,0.0041,3.0,5.0
231,1.0,0.009,3.0,5.0,0.0051,3.0,5.0,0.0044,3.0,5.0
232,2.0,0.0074,3.0,4.0,0.0042,3.0,5.0,0.0038,3.0,5.0
233,3.0,0.0078,3.0,5.0,0.0046,3.0,5.0,0.0041,3.0,5.0
234,4.0,0.0072,3.0,5.0,0.0046,3.0,5.0,0.0045,3.0,5.0
235,5.0,0.0081,3.0,5.0,0.005,3.0,5.0,0.0047,3.0,5.0
236,6.0,0.0092,3.0,5.0,0.0055,3.0,5.0,0.0048,3.0,5.0
237,7.0,0.009,3.0,5.0,0.0048,3.0,5.0,0.0047,3.0,5.0
238,8.0,0.0087,3.0,5.0,0.0058,3.0,5.0,0.0053,3.0,5.0
239,9.0,0.0106,3.0,5.0,0.0059,3.0,5.0,0.0052,3.0,5.0
240,10.0,0.0093,3.0,5.0,0.005,3.0,5.0,0.0043,3.0,5.0
241,11.0,0.0076,3.0,4.0,0.0045,3.0,5.0,0.0041,3.0,5.0
242,12.0,0.0079,3.0,5.0,0.0048,3.0,5.0,0.0042,3.0,5.0
243,13.0,0.007,3.0,5.0,0.0043,3.0,5.0,0.0039,3.0,5.0
244,14.0,0.0081,3.0,5.0,0.0048,3.0,5.0,0.0047,3.0,5.0
245,15.0,0.0082,3.0,5.0,0.0047,3.0,5.0,0.0041,3.0,5.0
246,16.0,0.0089,3.0,3.0,0.0053,3.0,3.0,0.0049,3.0,5.0
247,17.0,0.0093,3.0,5.0,0.0052,3.0,5.0,0.0052,3.0,5.0
248,18.0,0.0093,3.0,5.0,0.0058,3.0,5.0,0.005,3.0,5.0
249,19.0,0.0087,3.0,5.0,0.0053,3.0,5.0,0.0047,3.0,5.0
250,20.0,0.0088,3.0,4.0,0.0051,3.0,4.0,0.0049,3.0,5.0
251,21.0,0.009,3.0,5.0,0.0048,3.0,5.0,0.0041,3.0,5.0
252,22.0,0.0076,3.0,5.0,0.0045,3.0,5.0,0.0044,3.0,5.0
253,23.0,0.0078,3.0,5.0,0.0051,3.0,5.0,0.005,3.0,5.0
254,24.0,0.0097,3.0,5.0,0.0053,3.0,5.0,0.0057,3.0,5.0
255,25.0,0.0096,3.0,5.0,0.0053,3.0,5.0,0.0044,3.0,5.0
256,26.0,0.0087,3.0,5.0,0.005,3.0,5.0,0.0043,3.0,5.0
257,27.0,0.0083,3.0,4.0,0.0047,3.0,4.0,0.0042,3.0,5.0
258,28.0,0.0105,3.0,5.0,0.005,3.0,5.0,0.0048,3.0,5.0
259,29.0,0.0098,3.0,5.0,0.0062,3.0,5.0,0.005,3.0,5.0
260,30.0,0.0091,3.0,5.0,0.005,3.0,5.0,0.0045,3.0,5.0
261,31.0,0.0084,3.0,5.0,0.0049,3.0,5.0,0.0042,3.0,5.0
262,32.0,0.0078,3.0,4.0,0.0049,3.0,4.0,0.0038,3.0,5.0
263,33.0,0.0082,3.0,5.0,0.0044,3.0,5.0,0.0045,3.0,5.0
264,1.0,0.0138,3.0,5.0,0.0071,3.0,5.0,0.0048,3.0,5.0
265,2.0,0.0078,3.0,4.0,0.004,3.0,5.0,0.0036,3.0,5.0
266,3.0,0.0077,3.0,5.0,0.005,3.0,5.0,0.0046,3.0,5.0
267,4.0,0.0083,3.0,5.0,0.0051,3.0,5.0,0.0047,3.0,5.0
268,5.0,0.0098,3.0,5.0,0.0073,3.0,5.0,0.0065,3.0,5.0
269,6.0,0.0167,3.0,5.0,0.0095,3.0,5.0,0.0085,3.0,5.0
270,7.0,0.016,3.0,5.0,0.009,3.0,5.0,0.008,3.0,5.0
271,8.0,0.0156,3.0,5.0,0.0093,3.0,5.0,0.0084,3.0,5.0
272,9.0,0.0178,3.0,5.0,0.0101,3.0,5.0,0.0091,3.0,5.0
273,10.0,0.0161,3.0,5.0,0.0089,3.0,5.0,0.0086,3.0,5.0
274,11.0,0.0153,3.0,4.0,0.0086,3.0,5.0,0.0076,3.0,5.0
275,12.0,0.0151,3.0,5.0,0.0086,3.0,5.0,0.0079,3.0,5.0
276,13.0,0.0144,3.0,5.0,0.008,3.0,5.0,0.0074,3.0,5.0
277,14.0,0.017,3.0,5.0,0.01,3.0,5.0,0.0086,3.0,5.0
278,15.0,0.0163,3.0,5.0,0.0126,3.0,5.0,0.0078,3.0,5.0
279,16.0,0.0155,3.0,3.0,0.0089,3.0,3.0,0.0086,3.0,5.0
280,17.0,0.0247,3.0,5.0,0.0095,3.0,5.0,0.0153,3.0,5.0
281,18.0,0.0166,3.0,5.0,0.0097,3.0,5.0,0.0088,3.0,5.0
282,19.0,0.0177,3.0,5.0,0.0094,3.0,5.0,0.0082,3.0,5.0
283,20.0,0.0162,3.0,4.0,0.0096,3.0,4.0,0.0087,3.0,5.0
284,21.0,0.0182,3.0,5.0,0.0107,3.0,5.0,0.0099,3.0,5.0
285,22.0,0.0186,3.0,5.0,0.0102,3.0,5.0,0.0073,3.0,5.0
286,23.0,0.0141,3.0,5.0,0.0075,3.0,5.0,0.0076,3.0,5.0
287,24.0,0.0155,3.0,5.0,0.0088,3.0,5.0,0.0078,3.0,5.0
288,25.0,0.015,3.0,5.0,0.0083,3.0,5.0,0.0075,3.0,5.0
289,26.0,0.0151,3.0,5.0,0.0075,3.0,5.0,0.007,3.0,5.0
290,27.0,0.0131,3.0,4.0,0.0077,3.0,4.0,0.0072,3.0,5.0
291,28.0,0.0126,3.0,5.0,0.0083,3.0,5.0,0.0068,3.0,5.0
292,29.0,0.0131,3.0,5.0,0.0081,3.0,5.0,0.008,3.0,5.0
293,30.0,0.013,3.0,5.0,0.0073,3.0,5.0,0.0076,3.0,5.0
294,31.0,0.0149,3.0,5.0,0.0084,3.0,5.0,0.0076,3.0,5.0
295,32.0,0.0106,3.0,4.0,0.0049,3.0,4.0,0.0042,3.0,5.0
296,33.0,0.0096,3.0,5.0,0.0054,3.0,5.0,0.0078,3.0,5.0
297,1.0,0.0446,3.0,5.0,0.0301,3.0,5.0,0.025,3.0,5.0
298,2.0,0.0329,3.0,5.0,0.0208,3.0,5.0,0.0193,3.0,5.0
299,3.0,0.032,3.0,5.0,0.0266,3.0,5.0,0.0243,3.0,5.0
300,4.0,0.0352,3.0,5.0,0.0237,3.0,5.0,0.0193,3.0,5.0
301,5.0,0.0302,3.0,5.0,0.0198,3.0,5.0,0.0195,3.0,5.0
302,6.0,0.0277,3.0,5.0,0.0204,3.0,5.0,0.0228,3.0,5.0
303,7.0,0.0333,3.0,5.0,0.0224,3.0,5.0,0.0176,3.0,5.0
304,8.0,0.0284,3.0,5.0,0.0201,3.0,5.0,0.0186,3.0,5.0
305,9.0,0.0275,3.0,5.0,0.0191,3.0,5.0,0.0225,3.0,5.0
306,10.0,0.0355,3.0,5.0,0.0247,3.0,5.0,0.0183,3.0,5.0
307,11.0,0.026,3.0,5.0,0.0179,3.0,5.0,0.0184,3.0,5.0
308,12.0,0.0672,3.0,5.0,0.0243,3.0,5.0,0.0218,3.0,5.0
309,13.0,0.029,3.0,5.0,0.0181,3.0,5.0,0.0161,3.0,5.0
310,14.0,0.026,3.0,5.0,0.0187,3.0,5.0,0.0173,3.0,5.0
311,15.0,0.0256,3.0,5.0,0.0187,3.0,5.0,0.0177,3.0,5.0
312,16.0,0.0349,3.0,5.0,0.0237,3.0,5.0,0.0242,3.0,5.0
313,17.0,0.0321,3.0,5.0,0.0192,3.0,5.0,0.0176,3.0,5.0
314,18.0,0.027,3.0,5.0,0.018,3.0,5.0,0.0174,3.0,5.0
315,19.0,0.0292,3.0,5.0,0.0189,3.0,5.0,0.0184,3.0,5.0
316,20.0,0.034,3.0,5.0,0.0231,3.0,5.0,0.0218,3.0,5.0
317,21.0,0.0271,3.0,5.0,0.0194,3.0,5.0,0.0179,3.0,5.0
318,22.0,0.0238,3.0,5.0,0.017,3.0,5.0,0.019,3.0,5.0
319,23.0,0.0332,3.0,5.0,0.0222,3.0,5.0,0.0203,3.0,5.0
320,24.0,0.0261,3.0,5.0,0.0189,3.0,5.0,0.0172,3.0,5.0
321,25.0,0.0276,3.0,5.0,0.0185,3.0,5.0,0.0177,3.0,5.0
322,26.0,0.0349,3.0,5.0,0.023,3.0,5.0,0.0209,3.0,5.0
323,27.0,0.0263,3.0,5.0,0.0193,3.0,5.0,0.018,3.0,5.0
324,28.0,0.0255,3.0,5.0,0.0182,3.0,5.0,0.0202,3.0,5.0
325,29.0,0.0362,3.0,5.0,0.0255,3.0,5.0,0.0204,3.0,5.0
326,30.0,0.0245,3.0,5.0,0.0174,3.0,5.0,0.0161,3.0,5.0
327,31.0,0.0249,3.0,5.0,0.0179,3.0,5.0,0.018,3.0,5.0
328,32.0,0.0306,3.0,5.0,0.0242,3.0,5.0,0.0208,3.0,5.0
329,33.0,0.0271,3.0,5.0,0.0188,3.0,5.0,0.0175,3.0,5.0
330,1.0,0.0707,3.0,5.0,0.0265,3.0,5.0,0.0223,3.0,5.0
331,2.0,0.0291,3.0,5.0,0.0177,3.0,5.0,0.0167,3.0,5.0
332,3.0,0.0271,3.0,5.0,0.0197,3.0,5.0,0.0184,3.0,5.0
333,4.0,0.0255,3.0,5.0,0.0185,3.0,5.0,0.0171,3.0,5.0
334,5.0,0.0363,3.0,5.0,0.0255,3.0,5.0,0.023,3.0,5.0
335,6.0,0.032,3.0,5.0,0.0196,3.0,5.0,0.0181,3.0,5.0
336,7.0,0.025,3.0,5.0,0.0184,3.0,5.0,0.021,3.0,5.0
337,8.0,0.0355,3.0,5.0,0.0207,3.0,5.0,0.0186,3.0,5.0
338,9.0,0.0341,3.0,5.0,0.021,3.0,5.0,0.0181,3.0,5.0
339,10.0,0.0265,3.0,5.0,0.0187,3.0,5.0,0.0187,3.0,5.0
340,11.0,0.0281,3.0,5.0,0.0199,3.0,5.0,0.0184,3.0,5.0
341,12.0,0.0259,3.0,5.0,0.0181,3.0,5.0,0.017,3.0,5.0
342,13.0,0.0255,3.0,5.0,0.0174,3.0,5.0,0.0162,3.0,5.0
343,14.0,0.0282,3.0,5.0,0.0203,3.0,5.0,0.0187,3.0,5.0
344,15.0,0.0272,3.0,5.0,0.0187,3.0,5.0,0.0177,3.0,5.0
345,16.0,0.0262,3.0,5.0,0.0191,3.0,5.0,0.0178,3.0,5.0
346,17.0,0.0289,3.0,5.0,0.0211,3.0,5.0,0.0192,3.0,5.0
347,18.0,0.0262,3.0,5.0,0.0183,3.0,5.0,0.0172,3.0,5.0
348,19.0,0.0264,3.0,5.0,0.0192,3.0,5.0,0.018,3.0,5.0
349,20.0,0.0296,3.0,5.0,0.0211,3.0,5.0,0.0193,3.0,5.0
350,21.0,0.0285,3.0,5.0,0.0192,3.0,5.0,0.021,3.0,5.0
351,22.0,0.0651,3.0,5.0,0.0188,3.0,5.0,0.0173,3.0,5.0
352,23.0,0.0273,3.0,5.0,0.0187,3.0,5.0,0.0174,3.0,5.0
353,24.0,0.0266,3.0,5.0,0.0191,3.0,5.0,0.0175,3.0,5.0
354,25.0,0.0254,3.0,5.0,0.0183,3.0,5.0,0.0169,3.0,5.0
355,26.0,0.0286,3.0,5.0,0.0208,3.0,5.0,0.0191,3.0,5.0
356,27.0,0.0323,3.0,5.0,0.0193,3.0,5.0,0.018,3.0,5.0
357,28.0,0.0258,3.0,5.0,0.0185,3.0,5.0,0.0199,3.0,5.0
358,29.0,0.0353,3.0,5.0,0.0237,3.0,5.0,0.0187,3.0,5.0
359,30.0,0.0249,3.0,5.0,0.0175,3.0,5.0,0.0165,3.0,5.0
360,31.0,0.0255,3.0,5.0,0.018,3.0,5.0,0.0206,3.0,5.0
361,32.0,0.0306,3.0,5.0,0.0219,3.0,5.0,0.0192,3.0,5.0
362,33.0,0.0273,3.0,5.0,0.0188,3.0,5.0,0.018,3.0,5.0
363,1.0,0.0271,3.0,5.0,0.0192,3.0,5.0,0.0239,3.0,5.0
364,2.0,0.031,3.0,5.0,0.0216,3.0,5.0,0.0193,3.0,5.0
365,3.0,0.0279,3.0,5.0,0.02,3.0,5.0,0.0188,3.0,5.0
366,4.0,0.0261,3.0,5.0,0.0184,3.0,5.0,0.023,3.0,5.0
367,5.0,0.034,3.0,5.0,0.0236,3.0,5.0,0.02,3.0,5.0
368,6.0,0.0279,3.0,5.0,0.0196,3.0,5.0,0.0184,3.0,5.0
369,7.0,0.0256,3.0,5.0,0.0183,3.0,5.0,0.0221,3.0,5.0
370,8.0,0.0312,3.0,5.0,0.0213,3.0,5.0,0.0193,3.0,5.0
371,9.0,0.0276,3.0,5.0,0.0193,3.0,5.0,0.0181,3.0,5.0
372,10.0,0.0675,3.0,5.0,0.0218,3.0,5.0,0.0189,3.0,5.0
373,11.0,0.0284,3.0,5.0,0.0185,3.0,5.0,0.0172,3.0,5.0
374,12.0,0.0255,3.0,5.0,0.018,3.0,5.0,0.0168,3.0,5.0
375,13.0,0.0247,3.0,5.0,0.0181,3.0,5.0,0.0162,3.0,5.0
376,14.0,0.0289,3.0,5.0,0.0205,3.0,5.0,0.0191,3.0,5.0
377,15.0,0.0285,3.0,5.0,0.0201,3.0,5.0,0.0176,3.0,5.0
378,16.0,0.0265,3.0,5.0,0.0192,3.0,5.0,0.0179,3.0,5.0
379,17.0,0.0295,3.0,5.0,0.0216,3.0,5.0,0.0189,3.0,5.0
380,18.0,0.0254,3.0,5.0,0.0184,3.0,5.0,0.0172,3.0,5.0
381,19.0,0.0268,3.0,5.0,0.0193,3.0,5.0,0.018,3.0,5.0
382,20.0,0.0296,3.0,5.0,0.0216,3.0,5.0,0.0195,3.0,5.0
383,21.0,0.0276,3.0,5.0,0.0196,3.0,5.0,0.019,3.0,5.0
384,22.0,0.0241,3.0,5.0,0.0171,3.0,5.0,0.0164,3.0,5.0
385,23.0,0.0285,3.0,5.0,0.0203,3.0,5.0,0.0184,3.0,5.0
386,24.0,0.0272,3.0,5.0,0.0188,3.0,5.0,0.0176,3.0,5.0
387,25.0,0.0255,3.0,5.0,0.0179,3.0,5.0,0.0169,3.0,5.0
388,26.0,0.0295,3.0,5.0,0.0204,3.0,5.0,0.0186,3.0,5.0
389,27.0,0.0285,3.0,5.0,0.0194,3.0,5.0,0.0181,3.0,5.0
390,28.0,0.0254,3.0,5.0,0.0184,3.0,5.0,0.0177,3.0,5.0
391,29.0,0.0315,3.0,5.0,0.022,3.0,5.0,0.02,3.0,5.0
392,30.0,0.0245,3.0,5.0,0.0174,3.0,5.0,0.0553,3.0,5.0
393,31.0,0.0257,3.0,5.0,0.0211,3.0,5.0,0.0189,3.0,5.0
394,32.0,0.0271,3.0,5.0,0.019,3.0,5.0,0.0168,3.0,5.0
395,33.0,0.0265,3.0,5.0,0.0188,3.0,5.0,0.0175,3.0,5.0
396,1.0,0.0798,3.0,5.0,0.0707,3.0,5.0,0.0606,3.0,5.0
397,2.0,0.0725,3.0,5.0,0.0581,3.0,5.0,0.0549,3.0,5.0
398,3.0,0.0861,3.0,5.0,0.0671,3.0,5.0,0.0636,3.0,5.0
399,4.0,0.1124,3.0,5.0,0.0578,3.0,5.0,0.0574,3.0,5.0
400,5.0,0.0781,3.0,5.0,0.0632,3.0,5.0,0.0609,3.0,5.0
401,6.0,0.0779,3.0,5.0,0.0604,3.0,5.0,0.0568,3.0,5.0
402,7.0,0.0743,3.0,5.0,0.0588,3.0,5.0,0.0558,3.0,5.0
403,8.0,0.0826,3.0,5.0,0.0639,3.0,5.0,0.1005,3.0,5.0
404,9.0,0.0761,3.0,5.0,0.0618,3.0,5.0,0.0597,3.0,5.0
405,10.0,0.0797,3.0,5.0,0.0635,3.0,5.0,0.061,3.0,5.0
406,11.0,0.078,3.0,5.0,0.0619,3.0,5.0,0.0589,3.0,5.0
407,12.0,0.0773,3.0,5.0,0.0604,3.0,5.0,0.0575,3.0,5.0
408,13.0,0.1131,3.0,5.0,0.0584,3.0,5.0,0.0577,3.0,5.0
409,14.0,0.0762,3.0,5.0,0.061,3.0,5.0,0.0576,3.0,5.0
410,15.0,0.0806,3.0,5.0,0.0634,3.0,5.0,0.0604,3.0,5.0
411,16.0,0.0781,3.0,5.0,0.0613,3.0,5.0,0.0584,3.0,5.0
412,17.0,0.0783,3.0,5.0,0.1043,3.0,5.0,0.0611,3.0,5.0
413,18.0,0.0769,3.0,5.0,0.0613,3.0,5.0,0.0606,3.0,5.0
414,19.0,0.0787,3.0,5.0,0.0612,3.0,5.0,0.06,3.0,5.0
415,20.0,0.0807,3.0,5.0,0.0624,3.0,5.0,0.0603,3.0,5.0
416,21.0,0.0791,3.0,5.0,0.0625,3.0,5.0,0.105,3.0,5.0
417,22.0,0.0767,3.0,5.0,0.0601,3.0,5.0,0.0575,3.0,5.0
418,23.0,0.077,3.0,5.0,0.06,3.0,5.0,0.057,3.0,5.0
419,24.0,0.078,3.0,5.0,0.0616,3.0,5.0,0.0583,3.0,5.0
420,25.0,0.0769,3.0,5.0,0.0604,3.0,5.0,0.0569,3.0,5.0
421,26.0,0.1206,3.0,5.0,0.0635,3.0,5.0,0.0629,3.0,5.0
422,27.0,0.0763,3.0,5.0,0.0616,3.0,5.0,0.0588,3.0,5.0
423,28.0,0.0764,3.0,5.0,0.0576,3.0,5.0,0.056,3.0,5.0
424,29.0,0.0829,3.0,5.0,0.0625,3.0,5.0,0.059,3.0,5.0
425,30.0,0.0828,3.0,5.0,0.1094,3.0,5.0,0.059,3.0,5.0
426,31.0,0.0839,3.0,5.0,0.0977,3.0,5.0,0.1062,3.0,5.0
427,32.0,0.1463,3.0,5.0,0.1119,3.0,5.0,0.1077,3.0,5.0
428,33.0,0.1559,3.0,5.0,0.1194,3.0,5.0,0.1135,3.0,5.0
429,1.0,0.0919,3.0,5.0,0.0731,3.0,5.0,0.0702,3.0,5.0
430,2.0,0.1259,3.0,5.0,0.0607,3.0,5.0,0.0586,3.0,5.0
431,3.0,0.0807,3.0,5.0,0.0669,3.0,5.0,0.0638,3.0,5.0
432,4.0,0.0754,3.0,5.0,0.0582,3.0,5.0,0.0543,3.0,5.0
433,5.0,0.084,3.0,5.0,0.0634,3.0,5.0,0.0594,3.0,5.0
434,6.0,0.1143,3.0,5.0,0.0592,3.0,5.0,0.0593,3.0,5.0
435,7.0,0.0739,3.0,5.0,0.0572,3.0,5.0,0.0542,3.0,5.0
436,8.0,0.0843,3.0,5.0,0.0638,3.0,5.0,0.0597,3.0,5.0
437,9.0,0.0755,3.0,5.0,0.0605,3.0,5.0,0.0589,3.0,5.0
438,10.0,0.1204,3.0,5.0,0.0631,3.0,5.0,0.0624,3.0,5.0
439,11.0,0.0776,3.0,5.0,0.0619,3.0,5.0,0.0593,3.0,5.0
440,12.0,0.0773,3.0,5.0,0.0599,3.0,5.0,0.0593,3.0,5.0
441,13.0,0.0748,3.0,5.0,0.0582,3.0,5.0,0.0551,3.0,5.0
442,14.0,0.0812,3.0,5.0,0.0637,3.0,5.0,0.0983,3.0,5.0
443,15.0,0.0762,3.0,5.0,0.0619,3.0,5.0,0.0586,3.0,5.0
444,16.0,0.0777,3.0,5.0,0.0618,3.0,5.0,0.0577,3.0,5.0
445,17.0,0.078,3.0,5.0,0.0634,3.0,5.0,0.0577,3.0,5.0
446,18.0,0.078,3.0,5.0,0.0612,3.0,5.0,0.0576,3.0,5.0
447,19.0,0.1195,3.0,5.0,0.0613,3.0,5.0,0.063,3.0,5.0
448,20.0,0.077,3.0,5.0,0.0624,3.0,5.0,0.0589,3.0,5.0
449,21.0,0.0807,3.0,5.0,0.062,3.0,5.0,0.0598,3.0,5.0
450,22.0,0.0786,3.0,5.0,0.0598,3.0,5.0,0.057,3.0,5.0
451,23.0,0.0767,3.0,5.0,0.1009,3.0,5.0,0.0588,3.0,5.0
452,24.0,0.0751,3.0,5.0,0.0604,3.0,5.0,0.0569,3.0,5.0
453,25.0,0.0791,3.0,5.0,0.0607,3.0,5.0,0.0566,3.0,5.0
454,26.0,0.0797,3.0,5.0,0.0615,3.0,5.0,0.0582,3.0,5.0
455,27.0,0.0789,3.0,5.0,0.062,3.0,5.0,0.061,3.0,5.0
456,28.0,0.1181,3.0,5.0,0.0583,3.0,5.0,0.0591,3.0,5.0
457,29.0,0.077,3.0,5.0,0.0639,3.0,5.0,0.0604,3.0,5.0
458,30.0,0.0772,3.0,5.0,0.0693,3.0,5.0,0.0654,3.0,5.0
459,31.0,0.0803,3.0,5.0,0.0621,3.0,5.0,0.0582,3.0,5.0
460,32.0,0.0759,3.0,5.0,0.1018,3.0,5.0,0.0615,3.0,5.0
461,33.0,0.0788,3.0,5.0,0.0628,3.0,5.0,0.0601,3.0,5.0
462,1.0,0.0812,3.0,5.0,0.0623,3.0,5.0,0.0603,3.0,5.0
463,2.0,0.0757,3.0,5.0,0.0584,3.0,5.0,0.0552,3.0,5.0
464,3.0,0.0885,3.0,5.0,0.0672,3.0,5.0,0.104,3.0,5.0
465,4.0,0.0728,3.0,5.0,0.0581,3.0,5.0,0.0547,3.0,5.0
466,5.0,0.0838,3.0,5.0,0.0632,3.0,5.0,0.0619,3.0,5.0
467,6.0,0.0755,3.0,5.0,0.0602,3.0,5.0,0.0578,3.0,5.0
468,7.0,0.0754,3.0,5.0,0.0577,3.0,5.0,0.0566,3.0,5.0
469,8.0,0.124,3.0,5.0,0.0628,3.0,5.0,0.0605,3.0,5.0
470,9.0,0.0758,3.0,5.0,0.0607,3.0,5.0,0.0578,3.0,5.0
471,10.0,0.0802,3.0,5.0,0.0622,3.0,5.0,0.0595,3.0,5.0
472,11.0,0.0787,3.0,5.0,0.0619,3.0,5.0,0.059,3.0,5.0
473,12.0,0.1189,3.0,5.0,0.0604,3.0,5.0,0.0598,3.0,5.0
474,13.0,0.0726,3.0,5.0,0.0597,3.0,5.0,0.0561,3.0,5.0
475,14.0,0.0808,3.0,5.0,0.0604,3.0,5.0,0.0573,3.0,5.0
476,15.0,0.0788,3.0,5.0,0.0618,3.0,5.0,0.0591,3.0,5.0
477,16.0,0.0775,3.0,5.0,0.0607,3.0,5.0,0.057,3.0,5.0
478,17.0,0.1195,3.0,5.0,0.061,3.0,5.0,0.0618,3.0,5.0
479,18.0,0.0769,3.0,5.0,0.0609,3.0,5.0,0.0579,3.0,5.0
480,19.0,0.0785,3.0,5.0,0.0621,3.0,5.0,0.0609,3.0,5.0
481,20.0,0.0809,3.0,5.0,0.0625,3.0,5.0,0.0609,3.0,5.0
482,21.0,0.079,3.0,5.0,0.1027,3.0,5.0,0.0627,3.0,5.0
483,22.0,0.0755,3.0,5.0,0.0604,3.0,5.0,0.0583,3.0,5.0
484,23.0,0.0774,3.0,5.0,0.0595,3.0,5.0,0.056,3.0,5.0
485,24.0,0.0788,3.0,5.0,0.0624,3.0,5.0,0.0609,3.0,5.0
486,25.0,0.0774,3.0,5.0,0.0596,3.0,5.0,0.0569,3.0,5.0
487,26.0,0.1189,3.0,5.0,0.061,3.0,5.0,0.0613,3.0,5.0
488,27.0,0.0767,3.0,5.0,0.0631,3.0,5.0,0.0595,3.0,5.0
489,28.0,0.1241,3.0,5.0,0.0581,3.0,5.0,0.059,3.0,5.0
490,29.0,0.0764,3.0,5.0,0.0612,3.0,5.0,0.0592,3.0,5.0
491,30.0,0.0766,3.0,5.0,0.0587,3.0,5.0,0.1045,3.0,5.0
492,31.0,0.0827,3.0,5.0,0.0635,3.0,5.0,0.0593,3.0,5.0
493,32.0,0.0994,3.0,5.0,0.1116,3.0,5.0,0.1018,3.0,5.0
494,33.0,0.1554,3.0,5.0,0.1196,3.0,5.0,0.1151,3.0,5.0
495,1.0,0.0018,4.0,4.0,0.0005,4.0,4.0,0.0004,4.0,4.0
496,2.0,0.0018,4.0,3.0,0.0005,4.0,3.0,0.0004,4.0,3.0
497,3.0,0.0019,4.0,3.0,0.0005,4.0,3.0,0.0005,4.0,3.0
498,4.0,0.0019,5.0,5.0,0.0006,5.0,5.0,0.0005,5.0,5.0
499,5.0,0.0019,4.0,3.0,0.0005,4.0,3.0,0.0004,4.0,3.0
500,6.0,0.0017,4.0,3.0,0.0005,4.0,3.0,0.0004,4.0,3.0
501,7.0,0.0019,4.0,3.0,0.0005,4.0,3.0,0.0004,4.0,3.0
502,8.0,0.0019,4.0,4.0,0.0005,4.0,4.0,0.0005,4.0,4.0
503,9.0,0.0018,4.0,3.0,0.0005,4.0,3.0,0.0004,4.0,3.0
504,10.0,0.0016,3.0,2.0,0.0004,3.0,2.0,0.0003,3.0,2.0
505,11.0,0.002,5.0,5.0,0.0006,5.0,5.0,0.0005,5.0,5.0
506,12.0,0.0018,4.0,3.0,0.0005,4.0,3.0,0.0004,4.0,3.0
507,13.0,0.0015,3.0,2.0,0.0003,3.0,2.0,0.0003,3.0,2.0
508,14.0,0.0019,4.0,3.0,0.0005,4.0,3.0,0.0004,4.0,3.0
509,15.0,0.0019,4.0,3.0,0.0005,4.0,3.0,0.0004,4.0,3.0
510,16.0,0.0019,4.0,4.0,0.0006,4.0,4.0,0.0004,4.0,4.0
511,17.0,0.0019,4.0,3.0,0.0005,4.0,3.0,0.0004,4.0,3.0
512,18.0,0.0019,4.0,3.0,0.0005,4.0,3.0,0.0005,4.0,3.0
513,19.0,0.0016,4.0,4.0,0.0005,4.0,4.0,0.0004,4.0,4.0
514,20.0,0.002,4.0,4.0,0.0006,4.0,4.0,0.0004,4.0,4.0
515,21.0,0.0021,4.0,3.0,0.0006,4.0,3.0,0.0005,4.0,3.0
516,22.0,0.0019,4.0,4.0,0.0005,4.0,4.0,0.0004,4.0,4.0
517,23.0,0.0016,4.0,3.0,0.0004,4.0,3.0,0.0004,4.0,3.0
518,24.0,0.0017,4.0,3.0,0.0005,4.0,3.0,0.0004,4.0,3.0
519,25.0,0.002,5.0,5.0,0.0006,5.0,5.0,0.0005,5.0,5.0
520,26.0,0.0018,4.0,3.0,0.0005,4.0,3.0,0.0004,4.0,3.0
521,27.0,0.0019,4.0,3.0,0.0005,4.0,3.0,0.0005,4.0,3.0
522,28.0,0.0017,4.0,3.0,0.0005,4.0,3.0,0.0004,4.0,3.0
523,29.0,0.0016,4.0,3.0,0.0005,4.0,3.0,0.0004,4.0,3.0
524,30.0,0.0016,4.0,3.0,0.0005,4.0,3.0,0.0004,4.0,3.0
525,31.0,0.0015,3.0,2.0,0.0004,3.0,2.0,0.0003,3.0,2.0
526,32.0,0.0015,4.0,3.0,0.0005,4.0,3.0,0.0004,4.0,3.0
527,33.0,0.0015,4.0,3.0,0.0005,4.0,3.0,0.0004,4.0,3.0
528,1.0,0.002,2.0,2.0,0.0004,2.0,2.0,0.0003,2.0,2.0
529,2.0,0.0026,3.0,2.0,0.0007,3.0,2.0,0.0004,3.0,2.0
530,3.0,0.0016,2.0,2.0,0.0003,2.0,2.0,0.0003,2.0,2.0
531,4.0,0.0018,2.0,2.0,0.0004,2.0,3.0,0.0003,2.0,2.0
532,5.0,0.0017,2.0,2.0,0.0004,2.0,2.0,0.0003,2.0,2.0
533,6.0,0.002,2.0,2.0,0.0005,2.0,2.0,0.0003,2.0,2.0
534,7.0,0.0017,2.0,2.0,0.0004,2.0,2.0,0.0003,2.0,2.0
535,8.0,0.0012,2.0,2.0,0.0003,2.0,2.0,0.0003,2.0,2.0
536,9.0,0.0018,2.0,2.0,0.0003,2.0,2.0,0.0002,2.0,2.0
537,10.0,0.0017,2.0,2.0,0.0004,2.0,2.0,0.0003,2.0,2.0
538,11.0,0.0037,2.0,2.0,0.0007,2.0,2.0,0.0003,2.0,2.0
539,12.0,0.0049,2.0,2.0,0.0006,2.0,2.0,0.0003,2.0,2.0
540,13.0,0.0022,2.0,2.0,0.0004,2.0,2.0,0.0003,2.0,2.0
541,14.0,0.0028,2.0,2.0,0.0007,2.0,2.0,0.0003,2.0,2.0
542,15.0,0.0043,2.0,2.0,0.001,2.0,2.0,0.0003,2.0,2.0
543,16.0,0.0036,2.0,2.0,0.0009,2.0,2.0,0.0005,2.0,2.0
544,17.0,0.0033,2.0,2.0,0.0005,2.0,2.0,0.0004,2.0,2.0
545,18.0,0.0024,2.0,2.0,0.0006,2.0,2.0,0.0003,2.0,2.0
546,19.0,0.0025,2.0,2.0,0.0004,2.0,2.0,0.0003,2.0,2.0
547,20.0,0.0023,2.0,2.0,0.0005,2.0,2.0,0.0002,2.0,2.0
548,21.0,0.0019,2.0,2.0,0.0004,2.0,2.0,0.0003,2.0,2.0
549,22.0,0.0028,3.0,2.0,0.0008,3.0,2.0,0.0005,3.0,2.0
550,23.0,0.0018,2.0,2.0,0.0004,2.0,2.0,0.0002,2.0,2.0
551,24.0,0.0019,2.0,2.0,0.0004,2.0,2.0,0.0003,2.0,2.0
552,25.0,0.0023,2.0,2.0,0.0004,2.0,2.0,0.0003,2.0,2.0
553,26.0,0.0022,2.0,2.0,0.0005,2.0,2.0,0.0003,2.0,2.0
554,27.0,0.0019,2.0,2.0,0.0004,2.0,2.0,0.0002,2.0,2.0
555,28.0,0.002,2.0,2.0,0.0004,2.0,2.0,0.0003,2.0,2.0
556,29.0,0.0027,2.0,2.0,0.0004,2.0,2.0,0.0002,2.0,2.0
557,30.0,0.002,2.0,2.0,0.0004,2.0,2.0,0.0002,2.0,2.0
558,31.0,0.0016,2.0,2.0,0.0003,2.0,2.0,0.0002,2.0,2.0
559,32.0,0.0018,2.0,2.0,0.0004,2.0,2.0,0.0002,2.0,2.0
560,33.0,0.0018,2.0,2.0,0.0004,2.0,2.0,0.0002,2.0,2.0
561,1.0,0.0024,2.0,2.0,0.0005,2.0,2.0,0.0003,2.0,2.0
562,2.0,0.0031,3.0,2.0,0.0008,3.0,2.0,0.0004,3.0,2.0
563,3.0,0.002,2.0,2.0,0.0005,2.0,2.0,0.0003,2.0,2.0
564,4.0,0.0022,2.0,2.0,0.0003,2.0,3.0,0.0002,2.0,2.0
565,5.0,0.0014,2.0,2.0,0.0002,2.0,2.0,0.0002,2.0,2.0
566,6.0,0.0015,2.0,2.0,0.0004,2.0,2.0,0.0002,2.0,2.0
567,7.0,0.0013,2.0,2.0,0.0003,2.0,2.0,0.0002,2.0,2.0
568,8.0,0.0013,2.0,2.0,0.0002,2.0,2.0,0.0002,2.0,2.0
569,9.0,0.0018,2.0,2.0,0.0004,2.0,2.0,0.0003,2.0,2.0
570,10.0,0.0017,2.0,2.0,0.0004,2.0,2.0,0.0003,2.0,2.0
571,11.0,0.0018,2.0,2.0,0.0004,2.0,2.0,0.0003,2.0,2.0
572,12.0,0.0016,2.0,2.0,0.0003,2.0,2.0,0.0002,2.0,2.0
573,13.0,0.0015,2.0,2.0,0.0003,2.0,2.0,0.0002,2.0,2.0
574,14.0,0.0016,2.0,2.0,0.0003,2.0,2.0,0.0002,2.0,2.0
575,15.0,0.0015,2.0,2.0,0.0003,2.0,2.0,0.0002,2.0,2.0
576,16.0,0.0019,2.0,2.0,0.0004,2.0,2.0,0.0003,2.0,2.0
577,17.0,0.0017,2.0,2.0,0.0004,2.0,2.0,0.0003,2.0,2.0
578,18.0,0.0017,2.0,2.0,0.0004,2.0,2.0,0.0003,2.0,2.0
579,19.0,0.0019,2.0,2.0,0.0004,2.0,2.0,0.0002,2.0,2.0
580,20.0,0.0017,2.0,2.0,0.0004,2.0,2.0,0.0003,2.0,2.0
581,21.0,0.0018,2.0,2.0,0.0004,2.0,2.0,0.0002,2.0,2.0
582,22.0,0.0026,3.0,2.0,0.0007,3.0,2.0,0.0004,3.0,2.0
583,23.0,0.0015,2.0,2.0,0.0003,2.0,2.0,0.0002,2.0,2.0
584,24.0,0.0017,2.0,2.0,0.0004,2.0,2.0,0.0003,2.0,2.0
585,25.0,0.0018,2.0,2.0,0.0004,2.0,2.0,0.0003,2.0,2.0
586,26.0,0.0021,2.0,2.0,0.0005,2.0,2.0,0.0003,2.0,2.0
587,27.0,0.0018,2.0,2.0,0.0004,2.0,2.0,0.0002,2.0,2.0
588,28.0,0.0018,2.0,2.0,0.0004,2.0,2.0,0.0003,2.0,2.0
589,29.0,0.0017,2.0,2.0,0.0004,2.0,2.0,0.0002,2.0,2.0
590,30.0,0.0016,2.0,2.0,0.0004,2.0,2.0,0.0002,2.0,2.0
591,31.0,0.0014,2.0,2.0,0.0003,2.0,2.0,0.0002,2.0,2.0
592,32.0,0.0016,2.0,2.0,0.0003,2.0,2.0,0.0002,2.0,2.0
593,33.0,0.0015,2.0,2.0,0.0003,2.0,2.0,0.0002,2.0,2.0
594,1.0,0.0107,5.0,9.0,0.006,5.0,9.0,0.0053,5.0,10.0
595,2.0,0.01,5.0,10.0,0.0055,5.0,10.0,0.0048,5.0,10.0
596,3.0,0.0102,5.0,9.0,0.0056,5.0,10.0,0.0049,5.0,10.0
597,4.0,0.0102,5.0,9.0,0.0057,5.0,9.0,0.005,5.0,10.0
598,5.0,0.0108,5.0,9.0,0.006,5.0,9.0,0.0054,5.0,10.0
599,6.0,0.0107,5.0,8.0,0.006,5.0,8.0,0.0053,5.0,9.0
600,7.0,0.0105,4.0,8.0,0.0057,4.0,8.0,0.0049,4.0,9.0
601,8.0,0.0112,5.0,10.0,0.0065,5.0,10.0,0.0059,5.0,10.0
602,9.0,0.0075,4.0,9.0,0.0033,4.0,9.0,0.0029,4.0,10.0
603,10.0,0.0068,5.0,10.0,0.0036,5.0,10.0,0.0031,5.0,10.0
604,11.0,0.007,5.0,9.0,0.004,5.0,9.0,0.0037,5.0,9.0
605,12.0,0.0071,5.0,9.0,0.0038,5.0,9.0,0.0033,5.0,10.0
606,13.0,0.0066,5.0,9.0,0.0037,5.0,10.0,0.0032,5.0,10.0
607,14.0,0.0086,4.0,9.0,0.0043,4.0,9.0,0.0034,4.0,10.0
608,15.0,0.0083,5.0,10.0,0.0044,5.0,10.0,0.0039,5.0,10.0
609,16.0,0.0083,5.0,8.0,0.0045,5.0,9.0,0.0038,5.0,10.0
610,17.0,0.0085,5.0,10.0,0.0044,5.0,10.0,0.0039,5.0,10.0
611,18.0,0.0089,5.0,9.0,0.0043,5.0,10.0,0.0038,5.0,10.0
612,19.0,0.0078,5.0,9.0,0.0037,5.0,9.0,0.0033,5.0,10.0
613,20.0,0.0063,5.0,10.0,0.0034,5.0,10.0,0.0035,5.0,10.0
614,21.0,0.0068,4.0,9.0,0.0035,4.0,9.0,0.0032,4.0,10.0
615,22.0,0.0069,5.0,10.0,0.0053,5.0,10.0,0.0055,5.0,10.0
616,23.0,0.0112,5.0,10.0,0.0061,5.0,10.0,0.0046,5.0,10.0
617,24.0,0.0101,5.0,9.0,0.0058,5.0,10.0,0.0049,5.0,10.0
618,25.0,0.0106,5.0,10.0,0.0058,5.0,10.0,0.0056,5.0,10.0
619,26.0,0.0109,5.0,10.0,0.0059,5.0,10.0,0.0053,5.0,10.0
620,27.0,0.0103,5.0,10.0,0.0053,5.0,10.0,0.005,5.0,10.0
621,28.0,0.0094,5.0,10.0,0.0051,5.0,10.0,0.0048,5.0,10.0
622,29.0,0.0088,5.0,10.0,0.004,5.0,10.0,0.0035,5.0,10.0
623,30.0,0.0066,5.0,8.0,0.0035,5.0,8.0,0.0032,5.0,8.0
624,31.0,0.0066,4.0,8.0,0.0036,4.0,8.0,0.0032,4.0,10.0
625,32.0,0.007,5.0,9.0,0.0038,5.0,10.0,0.0038,5.0,10.0
626,33.0,0.0067,5.0,8.0,0.0037,5.0,8.0,0.0033,5.0,9.0
627,1.0,0.0099,3.0,4.0,0.004,3.0,4.0,0.0026,3.0,9.0
628,2.0,0.0083,3.0,4.0,0.0032,3.0,4.0,0.0022,3.0,9.0
629,3.0,0.0071,3.0,4.0,0.0032,3.0,4.0,0.0024,3.0,8.0
630,4.0,0.0067,3.0,3.0,0.0031,3.0,4.0,0.0022,3.0,10.0
631,5.0,0.0076,3.0,4.0,0.0028,3.0,4.0,0.0019,3.0,7.0
632,6.0,0.0065,3.0,4.0,0.0028,3.0,4.0,0.0021,3.0,8.0
633,7.0,0.0059,3.0,4.0,0.0026,3.0,4.0,0.002,3.0,10.0
634,8.0,0.0059,2.0,3.0,0.0025,2.0,4.0,0.0018,2.0,9.0
635,9.0,0.0059,2.0,4.0,0.0026,2.0,4.0,0.002,2.0,8.0
636,10.0,0.0056,2.0,4.0,0.0025,2.0,4.0,0.0018,2.0,9.0
637,11.0,0.0064,3.0,3.0,0.0027,3.0,3.0,0.0019,3.0,9.0
638,12.0,0.0061,3.0,3.0,0.0027,3.0,3.0,0.0018,3.0,9.0
639,13.0,0.0057,2.0,4.0,0.0027,2.0,5.0,0.0022,2.0,9.0
640,14.0,0.0077,2.0,3.0,0.0031,2.0,3.0,0.0021,2.0,8.0
641,15.0,0.0067,3.0,4.0,0.0031,3.0,5.0,0.0018,3.0,9.0
642,16.0,0.0066,2.0,3.0,0.0027,2.0,3.0,0.0022,2.0,8.0
643,17.0,0.0067,2.0,3.0,0.003,2.0,4.0,0.0023,2.0,7.0
644,18.0,0.0059,3.0,3.0,0.0029,3.0,4.0,0.0021,3.0,7.0
645,19.0,0.0072,3.0,4.0,0.0029,3.0,4.0,0.0023,3.0,10.0
646,20.0,0.0066,2.0,3.0,0.0028,2.0,4.0,0.0019,2.0,8.0
647,21.0,0.0064,3.0,4.0,0.0026,3.0,4.0,0.0019,3.0,10.0
648,22.0,0.0061,3.0,3.0,0.003,3.0,3.0,0.0021,3.0,9.0
649,23.0,0.0058,3.0,4.0,0.0027,3.0,5.0,0.0019,3.0,9.0
650,24.0,0.0066,2.0,4.0,0.0026,2.0,4.0,0.0018,2.0,10.0
651,25.0,0.0061,3.0,4.0,0.0026,3.0,4.0,0.0019,3.0,9.0
652,26.0,0.0062,2.0,4.0,0.0028,2.0,4.0,0.002,2.0,8.0
653,27.0,0.0054,2.0,4.0,0.0025,2.0,5.0,0.0018,2.0,9.0
654,28.0,0.005,2.0,4.0,0.0024,2.0,4.0,0.0018,2.0,8.0
655,29.0,0.0071,3.0,3.0,0.0036,3.0,4.0,0.0023,3.0,9.0
656,30.0,0.0056,2.0,4.0,0.0024,2.0,4.0,0.0018,2.0,10.0
657,31.0,0.0062,2.0,4.0,0.0027,2.0,4.0,0.0019,2.0,9.0
658,32.0,0.0055,2.0,4.0,0.0023,2.0,4.0,0.0019,2.0,8.0
659,33.0,0.0077,2.0,4.0,0.003,2.0,5.0,0.002,2.0,10.0
660,1.0,0.0078,3.0,4.0,0.0032,3.0,4.0,0.0021,3.0,9.0
661,2.0,0.0065,3.0,4.0,0.003,3.0,4.0,0.0023,3.0,9.0
662,3.0,0.0063,3.0,4.0,0.0029,3.0,4.0,0.0022,3.0,8.0
663,4.0,0.0056,3.0,3.0,0.0024,3.0,4.0,0.0018,3.0,10.0
664,5.0,0.0054,3.0,4.0,0.0025,3.0,4.0,0.0018,3.0,7.0
665,6.0,0.0062,3.0,4.0,0.0027,3.0,4.0,0.0019,3.0,8.0
666,7.0,0.006,3.0,4.0,0.0027,3.0,4.0,0.0019,3.0,10.0
667,8.0,0.0057,2.0,3.0,0.0025,2.0,4.0,0.002,2.0,9.0
668,9.0,0.0059,2.0,4.0,0.0026,2.0,4.0,0.0017,2.0,8.0
669,10.0,0.0057,2.0,4.0,0.0025,2.0,4.0,0.0018,2.0,9.0
670,11.0,0.0065,3.0,3.0,0.0027,3.0,3.0,0.0019,3.0,9.0
671,12.0,0.0063,3.0,3.0,0.0033,3.0,3.0,0.0019,3.0,9.0
672,13.0,0.0066,2.0,4.0,0.0028,2.0,5.0,0.002,2.0,9.0
673,14.0,0.0072,2.0,3.0,0.0033,2.0,3.0,0.0021,2.0,8.0
674,15.0,0.0065,3.0,4.0,0.0028,3.0,5.0,0.002,3.0,9.0
675,16.0,0.0064,2.0,3.0,0.0027,2.0,3.0,0.0019,2.0,8.0
676,17.0,0.0066,2.0,3.0,0.0028,2.0,4.0,0.0021,2.0,7.0
677,18.0,0.0062,3.0,3.0,0.0028,3.0,4.0,0.0021,3.0,7.0
678,19.0,0.0071,3.0,4.0,0.0031,3.0,4.0,0.002,3.0,10.0
679,20.0,0.0067,2.0,3.0,0.0028,2.0,4.0,0.0019,2.0,8.0
680,21.0,0.0058,3.0,4.0,0.0027,3.0,4.0,0.0018,3.0,10.0
681,22.0,0.006,3.0,3.0,0.0027,3.0,3.0,0.0019,3.0,9.0
682,23.0,0.0053,3.0,4.0,0.0024,3.0,5.0,0.0019,3.0,9.0
683,24.0,0.0062,2.0,4.0,0.0025,2.0,4.0,0.0019,2.0,10.0
684,25.0,0.0056,3.0,4.0,0.0025,3.0,4.0,0.0018,3.0,9.0
685,26.0,0.0056,2.0,4.0,0.0025,2.0,4.0,0.0018,2.0,8.0
686,27.0,0.0051,2.0,4.0,0.0023,2.0,5.0,0.0017,2.0,9.0
687,28.0,0.0049,2.0,4.0,0.0026,2.0,4.0,0.0019,2.0,8.0
688,29.0,0.0076,3.0,3.0,0.0034,3.0,4.0,0.0022,3.0,9.0
689,30.0,0.0058,2.0,4.0,0.0024,2.0,4.0,0.0021,2.0,10.0
690,31.0,0.0063,2.0,4.0,0.0026,2.0,4.0,0.0019,2.0,9.0
691,32.0,0.0056,2.0,4.0,0.0024,2.0,4.0,0.002,2.0,8.0
692,33.0,0.0074,2.0,4.0,0.0034,2.0,5.0,0.0022,2.0,10.0
693,1.0,0.0143,5.0,9.0,0.0093,5.0,9.0,0.0075,5.0,10.0
694,2.0,0.0118,5.0,10.0,0.0074,5.0,10.0,0.0068,5.0,10.0
695,3.0,0.0117,5.0,10.0,0.0073,5.0,10.0,0.0066,5.0,10.0
696,4.0,0.0116,5.0,10.0,0.0078,5.0,10.0,0.0071,5.0,10.0
697,5.0,0.0139,5.0,10.0,0.0088,5.0,10.0,0.0077,5.0,10.0
698,6.0,0.0141,5.0,10.0,0.009,5.0,10.0,0.0083,5.0,10.0
699,7.0,0.0132,5.0,10.0,0.0085,5.0,10.0,0.0077,5.0,10.0
700,8.0,0.0125,5.0,10.0,0.0078,5.0,10.0,0.0071,5.0,10.0
701,9.0,0.0113,5.0,10.0,0.007,5.0,10.0,0.0063,5.0,10.0
702,10.0,0.0113,5.0,10.0,0.0072,5.0,10.0,0.0067,5.0,10.0
703,11.0,0.0145,5.0,9.0,0.0092,5.0,9.0,0.0082,5.0,9.0
704,12.0,0.0131,5.0,10.0,0.0085,5.0,10.0,0.0073,5.0,10.0
705,13.0,0.0133,5.0,10.0,0.0086,5.0,10.0,0.008,5.0,10.0
706,14.0,0.0115,5.0,10.0,0.007,5.0,10.0,0.0066,5.0,10.0
707,15.0,0.0121,5.0,10.0,0.0078,5.0,10.0,0.0072,5.0,10.0
708,16.0,0.0123,5.0,10.0,0.0079,5.0,10.0,0.0072,5.0,10.0
709,17.0,0.0134,5.0,10.0,0.0089,5.0,10.0,0.0075,5.0,10.0
710,18.0,0.0134,5.0,10.0,0.0092,5.0,10.0,0.0077,5.0,10.0
711,19.0,0.0132,5.0,10.0,0.0085,5.0,10.0,0.0078,5.0,10.0
712,20.0,0.0116,5.0,10.0,0.0072,5.0,10.0,0.0069,5.0,10.0
713,21.0,0.0121,5.0,9.0,0.0079,5.0,10.0,0.0072,5.0,10.0
714,22.0,0.0125,5.0,10.0,0.0078,5.0,10.0,0.0073,5.0,10.0
715,23.0,0.0136,5.0,10.0,0.0084,5.0,10.0,0.0077,5.0,10.0
716,24.0,0.0135,5.0,10.0,0.0086,5.0,10.0,0.0076,5.0,10.0
717,25.0,0.0131,5.0,10.0,0.0087,5.0,10.0,0.0084,5.0,10.0
718,26.0,0.0131,5.0,10.0,0.0084,5.0,10.0,0.0075,5.0,10.0
719,27.0,0.0125,5.0,10.0,0.0078,5.0,10.0,0.0073,5.0,10.0
720,28.0,0.0126,5.0,10.0,0.0079,5.0,10.0,0.0074,5.0,10.0
721,29.0,0.0139,5.0,10.0,0.0094,5.0,10.0,0.0084,5.0,10.0
722,30.0,0.0131,5.0,10.0,0.0089,5.0,10.0,0.0078,5.0,10.0
723,31.0,0.0131,5.0,10.0,0.0087,5.0,10.0,0.0073,5.0,10.0
724,32.0,0.0121,5.0,10.0,0.0078,5.0,10.0,0.0071,5.0,10.0
725,33.0,0.0124,5.0,9.0,0.008,5.0,9.0,0.0072,5.0,10.0
726,1.0,0.0144,3.0,4.0,0.0069,3.0,5.0,0.0055,3.0,10.0
727,2.0,0.0145,3.0,4.0,0.007,3.0,5.0,0.0057,3.0,10.0
728,3.0,0.0144,3.0,4.0,0.0072,3.0,5.0,0.0054,3.0,10.0
729,4.0,0.0131,3.0,4.0,0.0069,3.0,4.0,0.0052,3.0,10.0
730,5.0,0.0132,3.0,4.0,0.0063,3.0,4.0,0.0047,3.0,10.0
731,6.0,0.0122,3.0,4.0,0.0062,3.0,4.0,0.0047,3.0,10.0
732,7.0,0.0131,3.0,4.0,0.0066,3.0,4.0,0.0049,3.0,10.0
733,8.0,0.0119,2.0,4.0,0.0061,2.0,6.0,0.0046,2.0,10.0
734,9.0,0.0153,3.0,4.0,0.007,3.0,4.0,0.0051,3.0,10.0
735,10.0,0.0152,3.0,4.0,0.0077,3.0,4.0,0.0059,3.0,10.0
736,11.0,0.0141,3.0,4.0,0.0072,3.0,5.0,0.0055,3.0,9.0
737,12.0,0.0162,3.0,4.0,0.007,3.0,5.0,0.0049,3.0,10.0
738,13.0,0.0117,2.0,4.0,0.0062,2.0,5.0,0.0046,2.0,10.0
739,14.0,0.0128,2.0,3.0,0.0068,2.0,3.0,0.0049,2.0,10.0
740,15.0,0.0132,3.0,5.0,0.0066,3.0,5.0,0.005,3.0,10.0
741,16.0,0.0136,3.0,3.0,0.0066,3.0,4.0,0.0054,3.0,10.0
742,17.0,0.0146,3.0,4.0,0.0072,3.0,5.0,0.0053,3.0,9.0
743,18.0,0.0149,3.0,4.0,0.0082,3.0,5.0,0.0058,3.0,10.0
744,19.0,0.0144,3.0,4.0,0.0069,3.0,4.0,0.0054,3.0,10.0
745,20.0,0.0138,3.0,4.0,0.0067,3.0,5.0,0.0047,3.0,9.0
746,21.0,0.0524,3.0,4.0,0.0065,3.0,4.0,0.0051,3.0,10.0
747,22.0,0.0121,3.0,4.0,0.0075,3.0,5.0,0.0052,3.0,10.0
748,23.0,0.013,3.0,4.0,0.0067,3.0,5.0,0.0054,3.0,10.0
749,24.0,0.0142,2.0,4.0,0.0068,2.0,4.0,0.0052,2.0,10.0
750,25.0,0.0129,3.0,4.0,0.0069,3.0,4.0,0.0053,3.0,10.0
751,26.0,0.0127,2.0,4.0,0.0062,2.0,4.0,0.0047,2.0,10.0
752,27.0,0.0123,3.0,4.0,0.006,3.0,4.0,0.0046,3.0,10.0
753,28.0,0.0115,2.0,4.0,0.006,2.0,4.0,0.0045,2.0,10.0
754,29.0,0.0143,3.0,4.0,0.0086,3.0,6.0,0.0059,3.0,10.0
755,30.0,0.0139,3.0,4.0,0.0069,3.0,4.0,0.0052,3.0,10.0
756,31.0,0.0129,2.0,4.0,0.0063,2.0,4.0,0.0051,2.0,10.0
757,32.0,0.0126,2.0,4.0,0.0067,2.0,4.0,0.0049,2.0,9.0
758,33.0,0.0145,3.0,4.0,0.0071,3.0,4.0,0.0052,3.0,10.0
759,1.0,0.0147,3.0,4.0,0.0073,3.0,5.0,0.005,3.0,10.0
760,2.0,0.0135,3.0,4.0,0.0065,3.0,5.0,0.0051,3.0,10.0
761,3.0,0.0129,3.0,4.0,0.0067,3.0,5.0,0.0051,3.0,10.0
762,4.0,0.0116,3.0,4.0,0.0061,3.0,4.0,0.005,3.0,10.0
763,5.0,0.0146,3.0,4.0,0.007,3.0,4.0,0.0053,3.0,10.0
764,6.0,0.014,3.0,4.0,0.0074,3.0,4.0,0.0052,3.0,10.0
765,7.0,0.0185,3.0,4.0,0.0075,3.0,4.0,0.0057,3.0,10.0
766,8.0,0.013,2.0,4.0,0.0063,2.0,6.0,0.0046,2.0,10.0
767,9.0,0.0137,3.0,4.0,0.0066,3.0,4.0,0.0047,3.0,10.0
768,10.0,0.0137,3.0,4.0,0.0073,3.0,4.0,0.0051,3.0,10.0
769,11.0,0.0124,3.0,4.0,0.0062,3.0,5.0,0.005,3.0,9.0
770,12.0,0.0157,3.0,4.0,0.0078,3.0,5.0,0.0058,3.0,10.0
771,13.0,0.0133,2.0,4.0,0.0063,2.0,5.0,0.0049,2.0,10.0
772,14.0,0.0144,2.0,3.0,0.0072,2.0,3.0,0.0049,2.0,10.0
773,15.0,0.0138,3.0,5.0,0.0067,3.0,5.0,0.005,3.0,10.0
774,16.0,0.0136,3.0,3.0,0.0069,3.0,4.0,0.005,3.0,10.0
775,17.0,0.0129,3.0,4.0,0.0064,3.0,5.0,0.0048,3.0,9.0
776,18.0,0.0134,3.0,4.0,0.007,3.0,5.0,0.0053,3.0,10.0
777,19.0,0.0144,3.0,4.0,0.0072,3.0,4.0,0.0052,3.0,10.0
778,20.0,0.0146,3.0,4.0,0.0076,3.0,5.0,0.0056,3.0,9.0
779,21.0,0.0142,3.0,4.0,0.0069,3.0,4.0,0.0052,3.0,10.0
780,22.0,0.0136,3.0,4.0,0.0062,3.0,5.0,0.005,3.0,10.0
781,23.0,0.0125,3.0,4.0,0.0061,3.0,5.0,0.0048,3.0,10.0
782,24.0,0.013,2.0,4.0,0.0064,2.0,4.0,0.0048,2.0,10.0
783,25.0,0.0122,3.0,4.0,0.0065,3.0,4.0,0.0046,3.0,10.0
784,26.0,0.0139,2.0,4.0,0.0067,2.0,4.0,0.0051,2.0,10.0
785,27.0,0.0137,3.0,4.0,0.0067,3.0,4.0,0.0054,3.0,10.0
786,28.0,0.0129,2.0,4.0,0.0069,2.0,4.0,0.0051,2.0,10.0
787,29.0,0.0159,3.0,4.0,0.0073,3.0,6.0,0.0053,3.0,10.0
788,30.0,0.0122,3.0,4.0,0.0061,3.0,4.0,0.0047,3.0,10.0
789,31.0,0.0127,2.0,4.0,0.0061,2.0,4.0,0.0043,2.0,10.0
790,32.0,0.0116,2.0,4.0,0.0056,2.0,4.0,0.0042,2.0,9.0
791,33.0,0.014,3.0,4.0,0.0074,3.0,4.0,0.0057,3.0,10.0
792,1.0,0.0475,5.0,10.0,0.0344,5.0,10.0,0.0302,5.0,10.0
793,2.0,0.0413,5.0,10.0,0.0319,5.0,10.0,0.031,5.0,10.0
794,3.0,0.0429,5.0,10.0,0.0306,5.0,10.0,0.0297,5.0,10.0
795,4.0,0.0432,5.0,10.0,0.0318,5.0,10.0,0.032,5.0,10.0
796,5.0,0.0448,5.0,10.0,0.0327,5.0,10.0,0.0317,5.0,10.0
797,6.0,0.0436,5.0,10.0,0.0334,5.0,10.0,0.033,5.0,10.0
798,7.0,0.0426,5.0,10.0,0.0319,5.0,10.0,0.0296,5.0,10.0
799,8.0,0.0435,5.0,10.0,0.0336,5.0,10.0,0.0332,5.0,10.0
800,9.0,0.0421,5.0,10.0,0.0305,5.0,10.0,0.0281,5.0,10.0
801,10.0,0.0416,5.0,10.0,0.0305,5.0,10.0,0.0307,5.0,10.0
802,11.0,0.0443,5.0,10.0,0.0318,5.0,10.0,0.0298,5.0,10.0
803,12.0,0.0413,5.0,10.0,0.0309,5.0,10.0,0.0316,5.0,10.0
804,13.0,0.0837,5.0,10.0,0.0307,5.0,10.0,0.0294,5.0,10.0
805,14.0,0.0407,5.0,10.0,0.0322,5.0,10.0,0.0302,5.0,10.0
806,15.0,0.0408,5.0,10.0,0.0299,5.0,10.0,0.028,5.0,10.0
807,16.0,0.0401,5.0,10.0,0.0291,5.0,10.0,0.03,5.0,10.0
808,17.0,0.0447,5.0,10.0,0.0317,5.0,10.0,0.0294,5.0,10.0
809,18.0,0.0426,5.0,10.0,0.0322,5.0,10.0,0.0328,5.0,10.0
810,19.0,0.0411,5.0,10.0,0.031,5.0,10.0,0.0289,5.0,10.0
811,20.0,0.0403,5.0,10.0,0.0315,5.0,10.0,0.0314,5.0,10.0
812,21.0,0.0435,5.0,10.0,0.0305,5.0,10.0,0.0291,5.0,10.0
813,22.0,0.0421,5.0,10.0,0.0321,5.0,10.0,0.033,5.0,10.0
814,23.0,0.0448,5.0,10.0,0.0318,5.0,10.0,0.0303,5.0,10.0
815,24.0,0.0413,5.0,10.0,0.0309,5.0,10.0,0.0324,5.0,10.0
816,25.0,0.0422,5.0,10.0,0.0323,5.0,10.0,0.0287,5.0,10.0
817,26.0,0.0424,5.0,10.0,0.0328,5.0,10.0,0.0336,5.0,10.0
818,27.0,0.0438,5.0,10.0,0.0319,5.0,10.0,0.0296,5.0,10.0
819,28.0,0.0419,5.0,10.0,0.032,5.0,10.0,0.0325,5.0,10.0
820,29.0,0.0407,5.0,10.0,0.0305,5.0,10.0,0.0288,5.0,10.0
821,30.0,0.0417,5.0,10.0,0.0302,5.0,10.0,0.0316,5.0,10.0
822,31.0,0.0466,5.0,10.0,0.0326,5.0,10.0,0.0299,5.0,10.0
823,32.0,0.0832,5.0,10.0,0.0353,5.0,10.0,0.0312,5.0,10.0
824,33.0,0.0448,5.0,10.0,0.0343,5.0,10.0,0.03,5.0,10.0
825,1.0,0.0387,3.0,4.0,0.024,3.0,5.0,0.0206,3.0,10.0
826,2.0,0.0445,3.0,4.0,0.0237,3.0,5.0,0.0194,3.0,10.0
827,3.0,0.0401,3.0,5.0,0.0245,3.0,6.0,0.0202,3.0,10.0
828,4.0,0.0423,3.0,5.0,0.0266,3.0,6.0,0.0223,3.0,10.0
829,5.0,0.04,3.0,4.0,0.0249,3.0,4.0,0.0188,3.0,10.0
830,6.0,0.0397,3.0,4.0,0.0241,3.0,4.0,0.0196,3.0,10.0
831,7.0,0.0423,3.0,5.0,0.0275,3.0,5.0,0.0218,3.0,10.0
832,8.0,0.0399,3.0,5.0,0.0241,3.0,6.0,0.019,3.0,10.0
833,9.0,0.0399,3.0,4.0,0.0241,3.0,4.0,0.0192,3.0,10.0
834,10.0,0.044,3.0,5.0,0.0283,3.0,6.0,0.0227,3.0,10.0
835,11.0,0.0415,3.0,4.0,0.024,3.0,5.0,0.0202,3.0,10.0
836,12.0,0.0402,3.0,4.0,0.0241,3.0,6.0,0.0195,3.0,10.0
837,13.0,0.0413,3.0,5.0,0.0252,3.0,5.0,0.0205,3.0,10.0
838,14.0,0.0793,3.0,5.0,0.0227,3.0,5.0,0.018,3.0,10.0
839,15.0,0.0374,3.0,5.0,0.0229,3.0,6.0,0.0197,3.0,10.0
840,16.0,0.0463,3.0,4.0,0.026,3.0,5.0,0.0209,3.0,10.0
841,17.0,0.0411,3.0,4.0,0.024,3.0,5.0,0.0201,3.0,10.0
842,18.0,0.0446,3.0,5.0,0.0275,3.0,6.0,0.0214,3.0,10.0
843,19.0,0.0401,3.0,4.0,0.0243,3.0,6.0,0.0193,3.0,10.0
844,20.0,0.044,3.0,5.0,0.0277,3.0,5.0,0.0222,3.0,10.0
845,21.0,0.0392,3.0,4.0,0.0258,3.0,4.0,0.0195,3.0,10.0
846,22.0,0.037,3.0,4.0,0.0232,3.0,4.0,0.0187,3.0,10.0
847,23.0,0.0401,3.0,6.0,0.0265,3.0,8.0,0.0217,3.0,10.0
848,24.0,0.0418,3.0,4.0,0.0242,3.0,5.0,0.0197,3.0,10.0
849,25.0,0.0385,3.0,4.0,0.0237,3.0,4.0,0.0196,3.0,10.0
850,26.0,0.0422,3.0,4.0,0.0273,3.0,4.0,0.021,3.0,10.0
851,27.0,0.0394,3.0,4.0,0.0229,3.0,5.0,0.0188,3.0,10.0
852,28.0,0.0775,3.0,4.0,0.0231,3.0,5.0,0.0204,3.0,10.0
853,29.0,0.0452,3.0,4.0,0.0251,3.0,4.0,0.0212,3.0,10.0
854,30.0,0.0376,3.0,4.0,0.0225,3.0,4.0,0.0188,3.0,10.0
855,31.0,0.04,3.0,4.0,0.0244,3.0,7.0,0.0202,3.0,10.0
856,32.0,0.0417,3.0,5.0,0.0229,3.0,5.0,0.0184,3.0,10.0
857,33.0,0.0417,3.0,5.0,0.0253,3.0,5.0,0.021,3.0,10.0
858,1.0,0.0436,3.0,4.0,0.0258,3.0,5.0,0.0204,3.0,10.0
859,2.0,0.0409,3.0,4.0,0.0245,3.0,5.0,0.0197,3.0,10.0
860,3.0,0.0412,3.0,5.0,0.0255,3.0,6.0,0.0215,3.0,10.0
861,4.0,0.0434,3.0,5.0,0.0283,3.0,6.0,0.0233,3.0,10.0
862,5.0,0.0409,3.0,4.0,0.024,3.0,4.0,0.0196,3.0,10.0
863,6.0,0.0408,3.0,4.0,0.0245,3.0,4.0,0.0205,3.0,10.0
864,7.0,0.0438,3.0,5.0,0.0274,3.0,5.0,0.0232,3.0,10.0
865,8.0,0.0406,3.0,5.0,0.0239,3.0,6.0,0.0191,3.0,10.0
866,9.0,0.0407,3.0,4.0,0.0244,3.0,4.0,0.0221,3.0,10.0
867,10.0,0.093,3.0,5.0,0.0275,3.0,6.0,0.0208,3.0,10.0
868,11.0,0.038,3.0,4.0,0.0236,3.0,5.0,0.0194,3.0,10.0
869,12.0,0.0407,3.0,4.0,0.0242,3.0,6.0,0.0192,3.0,10.0
870,13.0,0.041,3.0,5.0,0.0262,3.0,5.0,0.0216,3.0,10.0
871,14.0,0.0401,3.0,5.0,0.023,3.0,5.0,0.0187,3.0,10.0
872,15.0,0.0381,3.0,5.0,0.0231,3.0,6.0,0.0188,3.0,10.0
873,16.0,0.0454,3.0,4.0,0.0291,3.0,5.0,0.023,3.0,10.0
874,17.0,0.0414,3.0,4.0,0.0251,3.0,5.0,0.0197,3.0,10.0
875,18.0,0.046,3.0,5.0,0.0344,3.0,6.0,0.0231,3.0,10.0
876,19.0,0.0434,3.0,4.0,0.0275,3.0,6.0,0.0211,3.0,10.0
877,20.0,0.0414,3.0,5.0,0.0327,3.0,5.0,0.0206,3.0,10.0
878,21.0,0.0451,3.0,4.0,0.0411,3.0,4.0,0.036,3.0,10.0
879,22.0,0.0732,3.0,4.0,0.0431,3.0,4.0,0.035,3.0,10.0
880,23.0,0.0734,3.0,6.0,0.0447,3.0,8.0,0.0361,3.0,10.0
881,24.0,0.0792,3.0,4.0,0.0474,3.0,5.0,0.0381,3.0,10.0
882,25.0,0.1425,3.0,4.0,0.0464,3.0,4.0,0.0395,3.0,10.0
883,26.0,0.0774,3.0,4.0,0.0492,3.0,4.0,0.0408,3.0,10.0
884,27.0,0.0615,3.0,4.0,0.0277,3.0,5.0,0.0209,3.0,10.0
885,28.0,0.04,3.0,4.0,0.0258,3.0,5.0,0.0202,3.0,10.0
886,29.0,0.0452,3.0,4.0,0.0275,3.0,4.0,0.0219,3.0,10.0
887,30.0,0.0513,3.0,4.0,0.0273,3.0,4.0,0.019,3.0,10.0
888,31.0,0.0384,3.0,4.0,0.0227,3.0,7.0,0.0184,3.0,10.0
889,32.0,0.0439,3.0,5.0,0.0277,3.0,5.0,0.021,3.0,10.0
890,33.0,0.0396,3.0,5.0,0.0243,3.0,5.0,0.0199,3.0,10.0
891,1.0,0.1315,5.0,10.0,0.1057,5.0,10.0,0.0954,5.0,10.0
892,2.0,0.1205,5.0,10.0,0.1046,5.0,10.0,0.095,5.0,10.0
893,3.0,0.1227,5.0,10.0,0.1067,5.0,10.0,0.0945,5.0,10.0
894,4.0,0.1243,5.0,10.0,0.1094,5.0,10.0,0.1461,5.0,10.0
895,5.0,0.1254,5.0,10.0,0.1096,5.0,10.0,0.1012,5.0,10.0
896,6.0,0.1226,5.0,10.0,0.1084,5.0,10.0,0.0993,5.0,10.0
897,7.0,0.1654,5.0,10.0,0.1057,5.0,10.0,0.096,5.0,10.0
898,8.0,0.1169,5.0,10.0,0.1025,5.0,10.0,0.0975,5.0,10.0
899,9.0,0.1144,5.0,10.0,0.102,5.0,10.0,0.13,5.0,10.0
900,10.0,0.1264,5.0,10.0,0.1125,5.0,10.0,0.0947,5.0,10.0
901,11.0,0.1219,5.0,10.0,0.1048,5.0,10.0,0.0979,5.0,10.0
902,12.0,0.1647,5.0,10.0,0.1022,5.0,10.0,0.0952,5.0,10.0
903,13.0,0.1186,5.0,10.0,0.1016,5.0,10.0,0.0948,5.0,10.0
904,14.0,0.1181,5.0,10.0,0.0991,5.0,10.0,0.0926,5.0,10.0
905,15.0,0.1565,5.0,10.0,0.1007,5.0,10.0,0.0926,5.0,10.0
906,16.0,0.1202,5.0,10.0,0.1011,5.0,10.0,0.0934,5.0,10.0
907,17.0,0.1232,5.0,10.0,0.1053,5.0,10.0,0.1374,5.0,10.0
908,18.0,0.1186,5.0,10.0,0.1025,5.0,10.0,0.0962,5.0,10.0
909,19.0,0.123,5.0,10.0,0.1063,5.0,10.0,0.0994,5.0,10.0
910,20.0,0.1562,5.0,10.0,0.0991,5.0,10.0,0.0913,5.0,10.0
911,21.0,0.1162,5.0,10.0,0.1014,5.0,10.0,0.0949,5.0,10.0
912,22.0,0.1188,5.0,10.0,0.1034,5.0,10.0,0.1375,5.0,10.0
913,23.0,0.121,5.0,10.0,0.1023,5.0,10.0,0.0958,5.0,10.0
914,24.0,0.1217,5.0,10.0,0.1052,5.0,10.0,0.0953,5.0,10.0
915,25.0,0.156,5.0,10.0,0.1005,5.0,10.0,0.092,5.0,10.0
916,26.0,0.1198,5.0,10.0,0.106,5.0,10.0,0.0982,5.0,10.0
917,27.0,0.1197,5.0,10.0,0.1041,5.0,10.0,0.1369,5.0,10.0
918,28.0,0.1221,5.0,10.0,0.1037,5.0,10.0,0.0988,5.0,10.0
919,29.0,0.1245,5.0,10.0,0.1042,5.0,10.0,0.0995,5.0,10.0
920,30.0,0.1615,5.0,10.0,0.1031,5.0,10.0,0.0945,5.0,10.0
921,31.0,0.1235,5.0,10.0,0.1055,5.0,10.0,0.0986,5.0,10.0
922,32.0,0.1221,5.0,10.0,0.1042,5.0,10.0,0.1405,5.0,10.0
923,33.0,0.1248,5.0,10.0,0.1073,5.0,10.0,0.0994,5.0,10.0
924,1.0,0.1,3.0,6.0,0.0698,3.0,6.0,0.0641,3.0,10.0
925,2.0,0.1014,3.0,6.0,0.1146,3.0,8.0,0.0621,3.0,10.0
926,3.0,0.108,3.0,5.0,0.076,3.0,7.0,0.0689,3.0,10.0
927,4.0,0.1006,3.0,6.0,0.0748,3.0,7.0,0.0798,3.0,10.0
928,5.0,0.1636,3.0,5.0,0.0871,3.0,5.0,0.1163,3.0,10.0
929,6.0,0.2041,3.0,5.0,0.1374,3.0,5.0,0.1187,3.0,10.0
930,7.0,0.2052,3.0,5.0,0.1291,3.0,5.0,0.077,3.0,10.0
931,8.0,0.1685,3.0,6.0,0.0824,3.0,7.0,0.0645,3.0,10.0
932,9.0,0.1013,3.0,5.0,0.0728,3.0,7.0,0.0666,3.0,10.0
933,10.0,0.1035,3.0,5.0,0.073,3.0,5.0,0.0676,3.0,10.0
934,11.0,0.1432,3.0,5.0,0.0742,3.0,5.0,0.0633,3.0,10.0
935,12.0,0.1051,3.0,5.0,0.0739,3.0,6.0,0.0662,3.0,10.0
936,13.0,0.0979,3.0,6.0,0.0701,3.0,6.0,0.0924,3.0,10.0
937,14.0,0.14,3.0,5.0,0.0725,3.0,6.0,0.0651,3.0,10.0
938,15.0,0.0992,3.0,5.0,0.0698,3.0,6.0,0.0643,3.0,10.0
939,16.0,0.1043,3.0,5.0,0.0748,3.0,5.0,0.0683,3.0,10.0
940,17.0,0.1033,3.0,5.0,0.0758,3.0,5.0,0.0633,3.0,10.0
941,18.0,0.1051,3.0,5.0,0.075,3.0,8.0,0.0703,3.0,10.0
942,19.0,0.0995,3.0,4.0,0.0742,3.0,5.0,0.0651,3.0,10.0
943,20.0,0.1475,3.0,5.0,0.08,3.0,5.0,0.0667,3.0,10.0
944,21.0,0.1002,3.0,4.0,0.0714,3.0,5.0,0.0648,3.0,10.0
945,22.0,0.0998,3.0,4.0,0.0901,3.0,5.0,0.0661,3.0,10.0
946,23.0,0.101,3.0,6.0,0.0748,3.0,6.0,0.0649,3.0,10.0
947,24.0,0.101,3.0,4.0,0.0732,3.0,6.0,0.0666,3.0,10.0
948,25.0,0.0999,3.0,5.0,0.0733,3.0,6.0,0.0664,3.0,10.0
949,26.0,0.1072,3.0,4.0,0.0779,3.0,4.0,0.0678,3.0,10.0
950,27.0,0.1027,3.0,4.0,0.0724,3.0,6.0,0.0652,3.0,10.0
951,28.0,0.095,3.0,5.0,0.0679,3.0,6.0,0.0622,3.0,10.0
952,29.0,0.1451,3.0,4.0,0.0754,3.0,4.0,0.0673,3.0,10.0
953,30.0,0.0973,3.0,4.0,0.0679,3.0,4.0,0.0628,3.0,10.0
954,31.0,0.1017,3.0,5.0,0.071,3.0,5.0,0.0636,3.0,10.0
955,32.0,0.0964,3.0,6.0,0.1114,3.0,6.0,0.0629,3.0,10.0
956,33.0,0.1067,3.0,5.0,0.0746,3.0,5.0,0.0694,3.0,10.0
957,1.0,0.1017,3.0,6.0,0.0713,3.0,6.0,0.0638,3.0,10.0
958,2.0,0.1405,3.0,6.0,0.0718,3.0,8.0,0.0638,3.0,10.0
959,3.0,0.1066,3.0,5.0,0.0742,3.0,7.0,0.0688,3.0,10.0
960,4.0,0.0988,3.0,6.0,0.0733,3.0,7.0,0.0663,3.0,10.0
961,5.0,0.1421,3.0,5.0,0.0726,3.0,5.0,0.0625,3.0,10.0
962,6.0,0.0989,3.0,5.0,0.0706,3.0,5.0,0.065,3.0,10.0
963,7.0,0.1043,3.0,5.0,0.0759,3.0,5.0,0.0739,3.0,10.0
964,8.0,0.1446,3.0,6.0,0.0764,3.0,7.0,0.0677,3.0,10.0
965,9.0,0.1032,3.0,5.0,0.0729,3.0,7.0,0.0659,3.0,10.0
966,10.0,0.1021,3.0,5.0,0.0738,3.0,5.0,0.0673,3.0,10.0
967,11.0,0.1425,3.0,5.0,0.0739,3.0,5.0,0.064,3.0,10.0
968,12.0,0.1028,3.0,5.0,0.0722,3.0,6.0,0.068,3.0,10.0
969,13.0,0.0987,3.0,6.0,0.0697,3.0,6.0,0.0636,3.0,10.0
970,14.0,0.0971,3.0,5.0,0.0706,3.0,6.0,0.0616,3.0,10.0
971,15.0,0.1003,3.0,5.0,0.0698,3.0,6.0,0.0636,3.0,10.0
972,16.0,0.1067,3.0,5.0,0.0744,3.0,5.0,0.0682,3.0,10.0
973,17.0,0.1455,3.0,5.0,0.0758,3.0,5.0,0.0644,3.0,10.0
974,18.0,0.1032,3.0,5.0,0.074,3.0,8.0,0.0696,3.0,10.0
975,19.0,0.099,3.0,4.0,0.0713,3.0,5.0,0.0637,3.0,10.0
976,20.0,0.1059,3.0,5.0,0.1194,3.0,5.0,0.0676,3.0,10.0
977,21.0,0.0996,3.0,4.0,0.0703,3.0,5.0,0.0642,3.0,10.0
978,22.0,0.1004,3.0,4.0,0.0708,3.0,5.0,0.064,3.0,10.0
979,23.0,0.1419,3.0,6.0,0.0742,3.0,6.0,0.065,3.0,10.0
980,24.0,0.1014,3.0,4.0,0.0749,3.0,6.0,0.066,3.0,10.0
981,25.0,0.0999,3.0,5.0,0.0793,3.0,6.0,0.0683,3.0,10.0
982,26.0,0.1194,3.0,4.0,0.1149,3.0,4.0,0.1205,3.0,10.0
983,27.0,0.1983,3.0,4.0,0.1385,3.0,6.0,0.1187,3.0,10.0
984,28.0,0.1861,3.0,5.0,0.1437,3.0,6.0,0.0853,3.0,10.0
985,29.0,0.176,3.0,4.0,0.0956,3.0,4.0,0.0752,3.0,10.0
986,30.0,0.1139,3.0,4.0,0.0938,3.0,4.0,0.0695,3.0,10.0
987,31.0,0.117,3.0,5.0,0.0828,3.0,5.0,0.0643,3.0,10.0
988,32.0,0.1385,3.0,6.0,0.0732,3.0,6.0,0.0626,3.0,10.0
989,33.0,0.1081,3.0,5.0,0.078,3.0,5.0,0.07,3.0,10.0
990,1.0,0.0013,5.0,4.0,0.0003,5.0,4.0,0.0004,5.0,4.0
991,2.0,0.0011,5.0,4.0,0.0004,5.0,4.0,0.0003,5.0,4.0
992,3.0,0.0011,5.0,5.0,0.0003,5.0,5.0,0.0004,5.0,5.0
993,4.0,0.001,5.0,4.0,0.0004,5.0,4.0,0.0003,5.0,4.0
994,5.0,0.0012,6.0,4.0,0.0005,6.0,4.0,0.0004,6.0,4.0
995,6.0,0.0013,6.0,5.0,0.0005,6.0,5.0,0.0004,6.0,5.0
996,7.0,0.001,5.0,4.0,0.0003,5.0,4.0,0.0004,5.0,4.0
997,8.0,0.001,5.0,4.0,0.0004,5.0,4.0,0.0003,5.0,4.0
998,9.0,0.0009,5.0,4.0,0.0003,5.0,4.0,0.0003,5.0,4.0
999,10.0,0.0009,5.0,4.0,0.0004,5.0,4.0,0.0004,5.0,4.0
1000,11.0,0.001,5.0,5.0,0.0005,5.0,5.0,0.0003,5.0,5.0
1001,12.0,0.0013,6.0,5.0,0.0005,6.0,5.0,0.0004,6.0,5.0
1002,13.0,0.001,6.0,5.0,0.0004,6.0,5.0,0.0005,6.0,5.0
1003,14.0,0.0011,6.0,5.0,0.0004,6.0,5.0,0.0005,6.0,5.0
1004,15.0,0.0009,5.0,3.0,0.0004,5.0,3.0,0.0003,5.0,3.0
1005,16.0,0.001,5.0,4.0,0.0004,5.0,4.0,0.0003,5.0,4.0
1006,17.0,0.001,6.0,4.0,0.0004,6.0,4.0,0.0003,6.0,4.0
1007,18.0,0.0009,5.0,3.0,0.0003,5.0,3.0,0.0003,5.0,3.0
1008,19.0,0.001,5.0,5.0,0.0004,5.0,5.0,0.0003,5.0,5.0
1009,20.0,0.001,5.0,3.0,0.0004,5.0,3.0,0.0003,5.0,3.0
1010,21.0,0.0011,5.0,3.0,0.0003,5.0,3.0,0.0003,5.0,3.0
1011,22.0,0.001,5.0,3.0,0.0004,5.0,3.0,0.0003,5.0,3.0
1012,23.0,0.0013,6.0,4.0,0.0004,6.0,4.0,0.0003,6.0,4.0
1013,24.0,0.001,6.0,4.0,0.0004,6.0,4.0,0.0003,6.0,4.0
1014,25.0,0.0013,6.0,5.0,0.0004,6.0,5.0,0.0004,6.0,5.0
1015,26.0,0.0011,6.0,4.0,0.0005,6.0,4.0,0.0004,6.0,4.0
1016,27.0,0.0012,6.0,5.0,0.0004,6.0,5.0,0.0004,6.0,5.0
1017,28.0,0.0011,5.0,3.0,0.0003,5.0,3.0,0.0003,5.0,3.0
1018,29.0,0.0011,5.0,3.0,0.0005,5.0,3.0,0.0003,5.0,3.0
1019,30.0,0.0009,5.0,3.0,0.0003,5.0,3.0,0.0003,5.0,3.0
1020,31.0,0.0009,5.0,4.0,0.0005,5.0,4.0,0.0003,5.0,4.0
1021,32.0,0.0012,5.0,4.0,0.0003,5.0,4.0,0.0003,5.0,4.0
1022,33.0,0.001,5.0,5.0,0.0004,5.0,5.0,0.0003,5.0,5.0
1023,1.0,0.0011,3.0,2.0,0.0002,3.0,2.0,0.0002,3.0,2.0
1024,2.0,0.0011,3.0,2.0,0.0003,3.0,2.0,0.0003,3.0,2.0
1025,3.0,0.0012,4.0,3.0,0.0006,4.0,3.0,0.0003,4.0,3.0
1026,4.0,0.0014,4.0,3.0,0.0004,4.0,3.0,0.0003,4.0,3.0
1027,5.0,0.001,3.0,2.0,0.0004,3.0,2.0,0.0002,3.0,2.0
1028,6.0,0.0012,3.0,2.0,0.0004,3.0,2.0,0.0002,3.0,2.0
1029,7.0,0.001,2.0,2.0,0.0002,2.0,2.0,0.0001,2.0,2.0
1030,8.0,0.0009,3.0,2.0,0.0003,3.0,2.0,0.0002,3.0,2.0
1031,9.0,0.0014,4.0,3.0,0.0004,4.0,3.0,0.0003,4.0,3.0
1032,10.0,0.0007,2.0,2.0,0.0002,2.0,2.0,0.0001,2.0,2.0
1033,11.0,0.0011,3.0,2.0,0.0003,3.0,2.0,0.0003,3.0,2.0
1034,12.0,0.0009,3.0,2.0,0.0004,3.0,2.0,0.0002,3.0,2.0
1035,13.0,0.0007,2.0,2.0,0.0002,2.0,2.0,0.0001,2.0,2.0
1036,14.0,0.0009,3.0,2.0,0.0003,3.0,2.0,0.0002,3.0,2.0
1037,15.0,0.0013,4.0,3.0,0.0004,4.0,3.0,0.0003,4.0,3.0
1038,16.0,0.0014,4.0,3.0,0.0005,4.0,3.0,0.0003,4.0,3.0
1039,17.0,0.0009,2.0,2.0,0.0002,2.0,2.0,0.0002,2.0,2.0
1040,18.0,0.0009,2.0,2.0,0.0003,2.0,2.0,0.0002,2.0,2.0
1041,19.0,0.0012,3.0,2.0,0.0003,3.0,2.0,0.0002,3.0,2.0
1042,20.0,0.0011,2.0,2.0,0.0003,2.0,2.0,0.0002,2.0,2.0
1043,21.0,0.0014,4.0,3.0,0.0005,4.0,3.0,0.0004,4.0,3.0
1044,22.0,0.0011,3.0,2.0,0.0004,3.0,2.0,0.0003,3.0,2.0
1045,23.0,0.0009,3.0,3.0,0.0003,3.0,3.0,0.0002,3.0,3.0
1046,24.0,0.0012,3.0,2.0,0.0003,3.0,2.0,0.0003,3.0,2.0
1047,25.0,0.001,3.0,2.0,0.0004,3.0,2.0,0.0004,3.0,2.0
1048,26.0,0.0011,3.0,2.0,0.0003,3.0,2.0,0.0002,3.0,2.0
1049,27.0,0.001,3.0,2.0,0.0003,3.0,2.0,0.0002,3.0,2.0
1050,28.0,0.0009,2.0,2.0,0.0003,2.0,2.0,0.0002,2.0,2.0
1051,29.0,0.0013,4.0,3.0,0.0004,4.0,3.0,0.0004,4.0,3.0
1052,30.0,0.0009,2.0,2.0,0.0002,2.0,2.0,0.0001,2.0,2.0
1053,31.0,0.0011,3.0,2.0,0.0003,3.0,2.0,0.0003,3.0,2.0
1054,32.0,0.0008,2.0,2.0,0.0002,2.0,2.0,0.0001,2.0,2.0
1055,33.0,0.001,3.0,2.0,0.0004,3.0,2.0,0.0002,3.0,2.0
1056,1.0,0.0016,2.0,2.0,0.0004,2.0,2.0,0.0002,2.0,2.0
1057,2.0,0.0021,3.0,2.0,0.0006,3.0,2.0,0.0003,3.0,2.0
1058,3.0,0.0011,2.0,2.0,0.0003,2.0,2.0,0.0002,2.0,2.0
1059,4.0,0.0014,2.0,2.0,0.0004,2.0,2.0,0.0002,2.0,2.0
1060,5.0,0.0011,2.0,2.0,0.0003,2.0,2.0,0.0002,2.0,2.0
1061,6.0,0.0015,2.0,2.0,0.0004,2.0,2.0,0.0002,2.0,2.0
1062,7.0,0.0011,2.0,2.0,0.0003,2.0,2.0,0.0002,2.0,2.0
1063,8.0,0.001,2.0,2.0,0.0002,2.0,2.0,0.0002,2.0,2.0
1064,9.0,0.0011,2.0,2.0,0.0003,2.0,2.0,0.0002,2.0,2.0
1065,10.0,0.0009,2.0,2.0,0.0003,2.0,2.0,0.0002,2.0,2.0
1066,11.0,0.0017,2.0,2.0,0.0003,2.0,2.0,0.0002,2.0,2.0
1067,12.0,0.0013,2.0,2.0,0.0002,2.0,2.0,0.0002,2.0,2.0
1068,13.0,0.001,2.0,2.0,0.0004,2.0,2.0,0.0003,2.0,2.0
1069,14.0,0.001,2.0,2.0,0.0003,2.0,2.0,0.0002,2.0,2.0
1070,15.0,0.0008,2.0,2.0,0.0002,2.0,2.0,0.0001,2.0,2.0
1071,16.0,0.0013,2.0,2.0,0.0004,2.0,2.0,0.0002,2.0,2.0
1072,17.0,0.001,2.0,2.0,0.0003,2.0,2.0,0.0002,2.0,2.0
1073,18.0,0.001,2.0,2.0,0.0003,2.0,2.0,0.0002,2.0,2.0
1074,19.0,0.0009,2.0,2.0,0.0002,2.0,2.0,0.0002,2.0,2.0
1075,20.0,0.0011,2.0,2.0,0.0003,2.0,2.0,0.0002,2.0,2.0
1076,21.0,0.001,2.0,2.0,0.0003,2.0,2.0,0.0002,2.0,2.0
1077,22.0,0.0019,3.0,2.0,0.0006,3.0,3.0,0.0003,3.0,2.0
1078,23.0,0.0008,2.0,2.0,0.0002,2.0,2.0,0.0001,2.0,2.0
1079,24.0,0.0011,2.0,2.0,0.0003,2.0,2.0,0.0002,2.0,2.0
1080,25.0,0.0011,2.0,2.0,0.0003,2.0,2.0,0.0002,2.0,2.0
1081,26.0,0.0012,2.0,2.0,0.0003,2.0,2.0,0.0002,2.0,2.0
1082,27.0,0.001,2.0,2.0,0.0002,2.0,2.0,0.0002,2.0,2.0
1083,28.0,0.001,2.0,2.0,0.0003,2.0,2.0,0.0002,2.0,2.0
1084,29.0,0.001,2.0,2.0,0.0002,2.0,2.0,0.0002,2.0,2.0
1085,30.0,0.0008,2.0,2.0,0.0002,2.0,2.0,0.0002,2.0,2.0
1086,31.0,0.0008,2.0,2.0,0.0002,2.0,2.0,0.0002,2.0,2.0
1087,32.0,0.0009,2.0,2.0,0.0003,2.0,2.0,0.0002,2.0,2.0
1088,33.0,0.0009,2.0,2.0,0.0002,2.0,2.0,0.0002,2.0,2.0
